baseline_roc_auc,bin_start,bin_end,auroc_drop_mean,auroc_drop_sd,auroc_drop_min,auroc_drop_max,mz_start,mz_end
0.6936044871995739,3258,3263,0.01739729890640187,0.007839355030962463,0.0075204462131420735,0.02679158963431849,11774.0,11792.0
0.6936044871995739,1296,1301,0.01593707893335017,0.0022883917562101113,0.013254786450662803,0.0186131043775265,5888.0,5906.0
0.6936044871995739,1620,1625,0.01039074985115791,0.005642884420041505,0.005013630808761382,0.01698367436467907,6860.0,6878.0
0.6936044871995739,3252,3257,0.010064863848588446,0.0010176462598764134,0.00833516121956579,0.010779306238836939,11756.0,11774.0
0.6936044871995739,2166,2171,0.008817723184909077,0.0021762285589395484,0.005859681007739814,0.010653965468617965,8498.0,8516.0
0.6936044871995739,1626,1631,0.008447967912762921,0.004246849294700094,0.0033842007959140608,0.012032713941027229,6878.0,6896.0
0.6936044871995739,1632,1637,0.006962679785667336,0.0028098251613316804,0.002788832137373576,0.010340613543070254,6896.0,6914.0
0.6936044871995739,276,281,0.0065615893209664215,0.00286306620978422,0.0022247986713879175,0.010027261617522654,2828.0,2846.0
0.6936044871995739,1518,1523,0.006523987089900762,0.0031802827764485933,0.00354087675868775,0.01131200451226777,6554.0,6572.0
0.6936044871995739,882,887,0.005232977156644658,0.0037544085439889,0.0024754802118259756,0.011844702785698713,4646.0,4664.0
0.6936044871995739,2034,2039,0.0052079090026009075,0.0016580137063832527,0.00354087675868775,0.007990474101463363,8102.0,8120.0
0.6936044871995739,4512,4517,0.005126437501958581,0.0014663397019768318,0.003039513677811634,0.007050418324820784,15536.0,15554.0
0.6936044871995739,576,581,0.004938426346629976,0.0024528271235638908,0.0016921003979570859,0.0075517814056969,3728.0,3746.0
0.6936044871995739,1674,1679,0.004900824115564228,0.0024802948031328927,0.001347413279854659,0.0077711277535801315,7022.0,7040.0
0.6936044871995739,942,947,0.004781750383856131,0.005231550929573312,-0.0016294300128473216,0.012095384326136771,4826.0,4844.0
0.6936044871995739,1170,1175,0.004668943690659022,0.002019236501594813,0.0014727540500736325,0.006267038510951672,5510.0,5528.0
0.6936044871995739,5784,5789,0.004637608498104351,0.0018451879197113985,0.0016294300128475436,0.006110362548177983,19352.0,19370.0
0.6936044871995739,4398,4403,0.004637608498104262,0.0017190145063696728,0.0023188042490521754,0.006611725629053988,15194.0,15212.0
0.6936044871995739,4686,4691,0.004361858803622454,0.001588759156570053,0.0024128098267165443,0.006298373703506499,16058.0,16076.0
0.6936044871995739,1068,1073,0.004343057688089602,0.002972849499626268,9.40055776643689e-05,0.0083351612195659,5204.0,5222.0
0.6936044871995739,468,473,0.0042678532259581735,0.0029556911034021812,0.00025068154043816904,0.008397831604675332,3404.0,3422.0
0.6936044871995739,792,797,0.004186381725315802,0.0006013581860314655,0.003352865603359345,0.004856954845987693,4376.0,4394.0
0.6936044871995739,522,527,0.0041738476482938046,0.0012454310152606963,0.0023814746341617177,0.00557766427474693,3566.0,3584.0
0.6936044871995739,2508,2513,0.004067307993607705,0.0019522856028201551,0.0015354244351832858,0.005985021777958899,9524.0,9542.0
0.6936044871995739,348,353,0.0040359728010529675,0.0013567450866114209,0.00244414501927126,0.005452323504527956,3044.0,3062.0
0.6936044871995739,966,971,0.00378529126061482,0.0027050457752410707,-0.0006580390436499162,0.00636104408861593,4898.0,4916.0
0.6936044871995739,5670,5675,0.003697552721461572,0.0010582298618599586,0.002193463478833091,0.004856954845987582,19010.0,19028.0
0.6936044871995739,894,899,0.00360354714379727,0.0011745473514863482,0.0020681227086141174,0.005138971578980578,4682.0,4700.0
0.6936044871995739,4806,4811,0.0035972801052863044,0.0018405791718341124,0.0018174411681760594,0.0061730329332875256,16418.0,16436.0
0.6936044871995739,1134,1139,0.0035659449127316114,0.0008811264478128758,0.0020681227086141174,0.004355591765111577,5402.0,5420.0
0.6936044871995739,2112,2117,0.0033967348729359026,0.0010492845515479455,0.002005452323504686,0.0046689436906590664,8336.0,8354.0
0.6936044871995739,2058,2063,0.0031711214865416614,0.0016029107258477577,0.0019741171309499705,0.005891016200294752,8174.0,8192.0
0.6936044871995739,3696,3701,0.0029643092156802276,0.0015315185554833064,0.0013160780872999434,0.004731614075768609,13088.0,13106.0
0.6936044871995739,3114,3119,0.002951775138658297,0.0023500767703862136,-0.0009087205840880852,0.00510763638642564,11342.0,11360.0
0.6936044871995739,2172,2177,0.0029079058690816726,0.0010557681567380983,0.0013160780872999434,0.003948234261899719,8516.0,8534.0
0.6936044871995739,2028,2033,0.0028389684454611652,0.001323072615002201,0.0012847428947451167,0.004856954845987582,8084.0,8102.0
0.6936044871995739,2826,2831,0.002826434368439279,0.001333569249223333,0.001598094820292828,0.0049196252310971245,10478.0,10496.0
0.6936044871995739,666,671,0.0026634913671545355,0.0023751786579614847,9.40055776643689e-05,0.006204368125842241,3998.0,4016.0
0.6936044871995739,5658,5663,0.0026634913671545134,0.0019151673894006046,3.133519255493766e-05,0.005044966001316098,18974.0,18992.0
0.6936044871995739,756,761,0.0026133550590668577,0.002718190238335291,-0.0004386926957666848,0.006705731206718357,4268.0,4286.0
0.6936044871995739,2664,2669,0.002525616519913543,0.0010150377732189523,0.0014727540500736325,0.0037602231065709812,9992.0,10010.0
0.6936044871995739,1686,1691,0.002519349481402622,0.0011394554940402182,0.0008147150064237163,0.003916899069344781,7058.0,7076.0
0.6936044871995739,5904,5909,0.002494281327358805,0.0015830631075873602,-6.267038510943124e-05,0.004167580609782839,19712.0,19730.0
0.6936044871995739,2148,2153,0.0024880142888478395,0.003669336330493098,-0.0033215304108042965,0.006862407169492046,8444.0,8462.0
0.6936044871995739,3558,3563,0.002450412057782203,0.00024007747700781354,0.0022247986713879175,0.002788832137373576,12674.0,12692.0
0.6936044871995739,3768,3773,0.002425343903738364,0.0008164005424489029,0.0011907373170808588,0.003290195218249692,13304.0,13322.0
0.6936044871995739,4596,4601,0.0024065427882054903,0.0011748399069184488,0.0013787484724094856,0.004230250994892382,15788.0,15806.0
0.6936044871995739,258,263,0.0024002757496945915,0.0008324788235185794,0.001253407702190401,0.0035722119512425765,2774.0,2792.0
0.6936044871995739,3918,3923,0.002356406480117901,0.004275468567787425,-0.004042239839563755,0.006611725629054099,13754.0,13772.0
0.6936044871995739,1716,1721,0.0022937360950083365,0.0006276432028855805,0.0017547707830665171,0.003039513677811634,7148.0,7166.0
0.6936044871995739,3234,3239,0.0022686679409645418,0.0017125191597967759,0.0005953686585404849,0.004982295616206667,11702.0,11720.0
0.6936044871995739,72,77,0.0022561338639427,0.0005579072420256747,0.001347413279854659,0.0028828377150378337,2216.0,2234.0
0.6936044871995739,5544,5549,0.0022310657098988385,0.0005025367767801387,0.0016921003979569749,0.002788832137373576,18632.0,18650.0
0.6936044871995739,918,923,0.002212264594366009,0.0011137446114995052,0.0008460501989785429,0.0033842007959139497,4754.0,4772.0
0.6936044871995739,2454,2459,0.0022059975558550438,0.0021994537503689394,6.267038510954226e-05,0.00526431234919944,9362.0,9380.0
0.6936044871995739,1578,1583,0.002190329959577664,0.0032896803855213233,-0.0034782063735780966,0.004308588976279393,6734.0,6752.0
0.6936044871995739,3204,3209,0.002180929401811271,0.0019569574110895787,6.267038510965328e-05,0.004418262150221008,11612.0,11630.0
0.6936044871995739,1980,1985,0.0021621282862784195,0.0012670426859998133,0.0006267038510952005,0.0038228934916806345,7940.0,7958.0
0.6936044871995739,1368,1373,0.002149594209256489,0.0010289687145594562,0.0009400557766429118,0.0032275248331402606,6104.0,6122.0
0.6936044871995739,5148,5153,0.0021495942092564667,0.0007763290002968925,0.0009400557766428008,0.0028828377150378337,17444.0,17462.0
0.6936044871995739,3852,3857,0.0021245260552127166,0.001088283462865076,0.0006893742362048538,0.0030708488703663495,13556.0,13574.0
0.6936044871995739,5316,5321,0.0020931908626579563,0.0011902011996753686,0.0006893742362048538,0.003352865603359345,17948.0,17966.0
0.6936044871995739,5352,5357,0.002093190862657934,0.0015716715533153755,-0.0006580390436498051,0.003290195218249692,18056.0,18074.0
0.6936044871995739,4254,4259,0.0020681227086141174,0.0027957770860708446,-0.0023188042490520644,0.005389653119418525,14762.0,14780.0
0.6936044871995739,5094,5099,0.0020367875160594018,0.00047107123674906836,0.0014414188575190279,0.0026321561745997757,17282.0,17300.0
0.6936044871995739,3642,3647,0.0020117193620155403,0.0010391290359721486,0.0006580390436500272,0.003290195218249692,12926.0,12944.0
0.6936044871995739,5202,5207,0.0019490489769060204,0.00030006617039762937,0.0015354244351831747,0.0022874690564973488,17606.0,17624.0
0.6936044871995739,5730,5735,0.0019427819383950773,0.001615206839702968,0.00028201673299288466,0.004449597342775835,19190.0,19208.0
0.6936044871995739,2022,2027,0.0018738445147746363,0.0007737318334558877,0.0009713909691975164,0.0027261617522641446,8066.0,8084.0
0.6936044871995739,4902,4907,0.0018738445147746142,0.000900416635380979,0.0008773853915332586,0.0029141729075925493,16706.0,16724.0
0.6936044871995739,5802,5807,0.0018675774762636488,0.0012578260107878763,0.0003446871181024269,0.003697552721461439,19406.0,19424.0
0.6936044871995739,384,389,0.0018550433992416738,0.0022086754455372744,-0.0005953686585404849,0.004982295616206556,3152.0,3170.0
0.6936044871995739,2934,2939,0.0018425093222198096,0.001168134623324347,0.0005640334659857693,0.0035095415661330343,10802.0,10820.0
0.6936044871995739,2922,2927,0.0018362422837089553,0.0008900518609292837,0.0008460501989785429,0.0032275248331402606,10766.0,10784.0
0.6936044871995739,2928,2933,0.0018299752451979457,0.0018635352783124425,-0.0002820167329926626,0.003603547143797181,10784.0,10802.0
0.6936044871995739,3960,3965,0.0018237082066870692,0.0009312405914082209,0.00037602231065725356,0.002788832137373687,13880.0,13898.0
0.6936044871995739,4734,4739,0.0017923730141322426,0.000677304225167549,0.0008460501989784319,0.00275749694481886,16202.0,16220.0
0.6936044871995739,1566,1571,0.0017861059756212772,0.0011942367687249502,0.0006580390436500272,0.003352865603359234,6698.0,6716.0
0.6936044871995739,4710,4715,0.0017735718985993688,0.0008157989650755768,0.0010653965468618853,0.0030708488703663495,16130.0,16148.0
0.6936044871995739,3630,3635,0.001748503744555574,0.0014320902934617326,0.000501363080876227,0.00401090464700915,12890.0,12908.0
0.6936044871995739,1188,1193,0.0017422367060446308,0.0008878427439438965,0.00025068154043816904,0.0024754802118259756,5564.0,5582.0
0.6936044871995739,1614,1619,0.0017422367060446308,0.0027404054657838265,-0.0019114467458402062,0.005734340237520841,6842.0,6860.0
0.6936044871995739,1722,1727,0.00173596966753371,0.0005255538644748073,0.0010653965468619964,0.0023814746341617177,7166.0,7184.0
0.6936044871995739,2868,2873,0.0017171685520008361,0.0013485787364720088,6.267038510954226e-05,0.0031648544480307184,10604.0,10622.0
0.6936044871995739,2838,2843,0.0016983674364679847,0.0009937258625550504,0.0005953686585404849,0.003290195218249803,10514.0,10532.0
0.6936044871995739,4716,4721,0.0016983674364679624,0.001018128579567899,0.0005953686585404849,0.0033215304108045185,16148.0,16166.0
0.6936044871995739,3732,3737,0.0016983674364679624,0.0014200409530685217,0.00015667596277391116,0.003352865603359234,13196.0,13214.0
0.6936044871995739,4464,4469,0.0016858333594460318,0.0002671773101531488,0.0014100836649642012,0.0020681227086141174,15392.0,15410.0
0.6936044871995739,162,167,0.00167329928242419,0.0003777158200182858,0.001002726161752343,0.0019114467458403173,2486.0,2504.0
0.6936044871995739,738,743,0.0016419640898693634,0.0006885191096780678,0.0010340613543069477,0.002538150596935518,4214.0,4232.0
0.6936044871995739,2550,2555,0.0016294300128474547,0.000533158885945374,0.001002726161752232,0.0024754802118259756,9650.0,9668.0
0.6936044871995739,5994,5999,0.0016168959358255908,0.0008027560178103886,0.0004073575032119692,0.0023814746341617177,19982.0,20000.0
0.6936044871995739,1878,1883,0.0016168959358255908,0.001125583495588054,0.00025068154043816904,0.002694826559709318,7634.0,7652.0
0.6936044871995739,3900,3905,0.0016043618588036824,0.0012905382980923287,-3.1335192554604596e-05,0.003102184062921176,13700.0,13718.0
0.6936044871995739,3936,3941,0.0015980948202927614,0.000913570002012554,0.0008147150064238273,0.00275749694481886,13808.0,13826.0
0.6936044871995739,4422,4427,0.0015980948202927614,0.001540053785878273,-0.0008773853915331475,0.0031648544480307184,15266.0,15284.0
0.6936044871995739,3822,3827,0.0015918277817818405,0.001508717120186297,-0.00021934634788323137,0.003102184062921287,13466.0,13484.0
0.6936044871995739,3378,3383,0.0015792937047598877,0.001592647960369762,0.00012534077021908452,0.0033842007959139497,12134.0,12152.0
0.6936044871995739,3192,3197,0.001554225550716115,0.0005918951626292487,0.0011280669319714276,0.002506815404380691,11576.0,11594.0
0.6936044871995739,354,359,0.001554225550716093,0.0005902339324022793,0.0007833798138690007,0.00228746905649746,3062.0,3080.0
0.6936044871995739,174,179,0.0015542255507160485,0.0009513727759267477,0.0009087205840880852,0.0032275248331400386,2522.0,2540.0
0.6936044871995739,180,185,0.0015542255507160485,0.0010080001060619164,0.00028201673299288466,0.0030708488703663495,2540.0,2558.0
0.6936044871995739,4290,4295,0.0015479585122051497,0.0008580351627260986,6.267038510954226e-05,0.002193463478833202,14870.0,14888.0
0.6936044871995739,3780,3785,0.0015416914736941846,0.00238295847048602,-0.0007833798138688897,0.005013630808761382,13340.0,13358.0
0.6936044871995739,1560,1565,0.0015354244351832192,0.0014345906862105518,0.0005953686585404849,0.0040735750321185815,6680.0,6698.0
0.6936044871995739,684,689,0.0015354244351832192,0.00024373059859781736,0.001253407702190401,0.001848776360730775,4052.0,4070.0
0.6936044871995739,462,467,0.001529157396672276,0.001133797163370634,9.40055776643689e-05,0.0031648544480306073,3386.0,3404.0
0.6936044871995739,3066,3071,0.001522890358161355,0.000689587852148309,0.0008773853915333696,0.0024128098267165443,11198.0,11216.0
0.6936044871995739,5538,5543,0.0015228903581612884,0.0011364354635663675,-3.133519255471562e-05,0.0029768432927020916,18614.0,18632.0
0.6936044871995739,5838,5843,0.0015166233196503899,0.0005699216015737448,0.0009713909691976275,0.002350139441606891,19514.0,19532.0
0.6936044871995739,612,617,0.0015040892426284812,0.0016309358167108207,3.133519255482664e-05,0.004042239839563866,3836.0,3854.0
0.6936044871995739,3786,3791,0.0015040892426283925,0.0006333275759536302,0.0006580390436499162,0.002099457901168833,13358.0,13376.0
0.6936044871995739,282,287,0.0014978222041175382,0.0006685493862987004,0.0007520446213142851,0.0023814746341617177,2846.0,2864.0
0.6936044871995739,1290,1295,0.0014978222041174937,0.0006105941883451637,0.0006893742362047428,0.0022247986713879175,5870.0,5888.0
0.6936044871995739,5226,5231,0.0014978222041174937,0.00022639541087569155,0.0011907373170808588,0.0018174411681760594,17678.0,17696.0
0.6936044871995739,900,905,0.0014915551656065063,0.001249209589692979,0.00037602231065714253,0.0035095415661329232,4700.0,4718.0
0.6936044871995739,2880,2885,0.0014727540500736325,0.001210974452977784,0.00018801115532851576,0.0034782063735782076,10640.0,10658.0
0.6936044871995739,1026,1031,0.0014539529345408697,0.0011277622431179444,0.000501363080876227,0.003290195218249692,5078.0,5096.0
0.6936044871995739,2142,2147,0.0014539529345408031,0.0009480125768542082,-3.133519255471562e-05,0.0021307930937235486,8426.0,8444.0
0.6936044871995739,5910,5915,0.0014288847804970971,0.0010592963690132969,0.00021934634788345342,0.002350139441607002,19730.0,19748.0
0.6936044871995739,1116,1121,0.001422617741986021,0.0005026344610607276,0.0006893742362046318,0.0019741171309497485,5348.0,5366.0
0.6936044871995739,2772,2777,0.0014163507034751887,0.0006898725705139462,0.0005640334659856583,0.0024754802118259756,10316.0,10334.0
0.6936044871995739,3198,3203,0.0013912825494313496,0.0009422987894807382,0.00015667596277391116,0.0026634913671544913,11594.0,11612.0
0.6936044871995739,3024,3029,0.0013912825494313496,0.0005935517434300075,0.0008773853915333696,0.0020681227086141174,11072.0,11090.0
0.6936044871995739,2562,2567,0.0013662143953874883,0.0021012810983448245,-0.0010340613543070587,0.004104910224673408,9686.0,9704.0
0.6936044871995739,1998,2003,0.0013599473568765897,0.0005006771543228637,0.0008147150064239383,0.0021621282862783753,7994.0,8012.0
0.6936044871995739,1608,1613,0.001347413279854659,0.0014730873654677057,-0.0004700278883212894,0.0032275248331400386,6824.0,6842.0
0.6936044871995739,3426,3431,0.0013411462413436936,0.0011447857057653172,-0.00031335192554748925,0.002600820982044949,12278.0,12296.0
0.6936044871995739,3150,3155,0.0013348792028327727,0.000455493429144027,0.0008147150064237163,0.002005452323504575,11450.0,11468.0
0.6936044871995739,2490,2495,0.0013286121643218518,0.003235470540745312,-0.0023188042490519534,0.004982295616206667,9470.0,9488.0
0.6936044871995739,2724,2729,0.0013223451258108643,0.0011520531737278317,3.133519255471562e-05,0.0027261617522640336,10172.0,10190.0
0.6936044871995739,66,71,0.0013223451258108198,0.0018740174267555857,-0.0008147150064237163,0.003196189640585323,2198.0,2216.0
0.6936044871995739,120,125,0.0013223451258108198,0.0005259273924995975,0.0006893742362047428,0.0019114467458403173,2360.0,2378.0
0.6936044871995739,2682,2687,0.0013160780872999212,0.0006356488821201626,0.0005640334659857693,0.002005452323504575,10046.0,10064.0
0.6936044871995739,1602,1607,0.0013035440102780794,0.0011368673876683115,0.0003133519255477113,0.0031648544480307184,6806.0,6824.0
0.6936044871995739,822,827,0.0012972769717670917,0.0007192092277351487,0.0003133519255477113,0.0020681227086141174,4466.0,4484.0
0.6936044871995739,4278,4283,0.0012972769717670696,0.0009004711581722143,-0.00018801115532840473,0.0020681227086141174,14834.0,14852.0
0.6936044871995739,5088,5093,0.0012972769717670475,0.0019226636815086377,-0.0010653965468617743,0.0038855638767900658,17264.0,17282.0
0.6936044871995739,2106,2111,0.001297276971767003,0.0006682555829945899,0.00028201673299288466,0.0021307930937236597,8318.0,8336.0
0.6936044871995739,3072,3077,0.0012784758562341513,0.0002549537255263888,0.001002726161752232,0.001598094820292717,11216.0,11234.0
0.6936044871995739,2946,2951,0.0012722088177232749,0.0003867072545727391,0.0008460501989785429,0.0017547707830665171,10838.0,10856.0
0.6936044871995739,4896,4901,0.0012722088177232083,0.0005315911750257775,0.0003446871181024269,0.0016294300128474326,16688.0,16706.0
0.6936044871995739,3186,3191,0.0012659417792122874,0.0007433775001890542,1.1102230246251565e-16,0.0019741171309498595,11558.0,11576.0
0.6936044871995739,4236,4241,0.0012596747407013441,0.0005160326851186463,0.0008147150064238273,0.0021307930937236597,14708.0,14726.0
0.6936044871995739,4836,4841,0.0012471406636794357,0.000799937816574342,0.00037602231065714253,0.0024128098267165443,16508.0,16526.0
0.6936044871995739,5580,5585,0.0012346065866575273,0.000640496241505771,0.0006267038510952005,0.0023188042490521754,18740.0,18758.0
0.6936044871995739,372,377,0.0012283395481465398,0.000625684628544918,0.0001253407702189735,0.0016294300128474326,3116.0,3134.0
0.6936044871995739,2988,2993,0.0011970043555918242,0.00033339231230579663,0.0007520446213142851,0.0016607652054021482,10964.0,10982.0
0.6936044871995739,5370,5375,0.0011970043555918242,0.0007366769817454728,0.0005640334659857693,0.0022247986713878065,18110.0,18128.0
0.6936044871995739,1548,1553,0.0011907373170809033,0.0012893203779927541,0.00015667596277391116,0.0033215304108045185,6644.0,6662.0
0.6936044871995739,2580,2585,0.001190737317080881,0.000464776015234972,0.0004700278883212894,0.0016294300128475436,9740.0,9758.0
0.6936044871995739,3264,3269,0.0011280669319714055,0.0007697877665238886,0.0001880111553287378,0.002287469056497571,11792.0,11810.0
0.6936044871995739,3156,3161,0.001128066931971361,0.0015180599146165643,-0.001347413279854548,0.002788832137373687,11468.0,11486.0
0.6936044871995739,3390,3395,0.001128066931971361,0.0004186503686863382,0.0005326982734309427,0.0015667596277378903,12170.0,12188.0
0.6936044871995739,3636,3641,0.0011217998934603957,0.0004338538185397196,0.000501363080876116,0.0016921003979569749,12908.0,12926.0
0.6936044871995739,2352,2357,0.0011217998934603735,0.001125539877619145,0.00012534077021908452,0.002757496944818749,9056.0,9074.0
0.6936044871995739,2412,2417,0.0011155328549494303,0.0023654023434993496,-0.0013160780872997213,0.004512267727885155,9236.0,9254.0
0.6936044871995739,4692,4697,0.001102998777927544,0.0011687648778295325,-6.267038510943124e-05,0.0030708488703664605,16076.0,16094.0
0.6936044871995739,2712,2717,0.0010904647009056135,0.0003370536598759372,0.000752044621314174,0.001598094820292717,10136.0,10154.0
0.6936044871995739,366,371,0.0010779306238837493,0.0009015609215604543,-9.400557766414686e-05,0.002005452323504575,3098.0,3116.0
0.6936044871995739,720,725,0.0010779306238837272,0.0010455347511095384,-0.00043869269576657377,0.0019427819383950329,4160.0,4178.0
0.6936044871995739,1812,1817,0.0010779306238837272,0.0006021740298280938,0.0003446871181024269,0.0017861059756211217,7436.0,7454.0
0.6936044871995739,2610,2615,0.0010716635853728728,0.0010033135245840867,-0.00034468711810220487,0.00244414501927126,9830.0,9848.0
0.6936044871995739,2244,2249,0.0010716635853728284,0.0015370862195980461,9.40055776643689e-05,0.0037602231065710923,8732.0,8750.0
0.6936044871995739,2898,2903,0.0010716635853727841,0.0005010692273307952,0.0003446871181023159,0.001598094820292717,10694.0,10712.0
0.6936044871995739,2256,2261,0.0010528624698399546,0.0008241810914553399,-9.400557766414686e-05,0.0019741171309497485,8768.0,8786.0
0.6936044871995739,654,659,0.0010528624698399546,0.0009286537336668224,6.267038510965328e-05,0.0025694857894902334,3962.0,3980.0
0.6936044871995739,4488,4493,0.001052862469839888,0.0009441205636360567,-0.0002193463478833424,0.0022247986713878065,15464.0,15482.0
0.6936044871995739,5922,5927,0.0010403283928180685,0.0006725761670835742,0.0005640334659857693,0.0022247986713879175,19766.0,19784.0
0.6936044871995739,4200,4205,0.0010340613543070808,0.0007992009992703833,3.133519255471562e-05,0.002256133863942744,14600.0,14618.0
0.6936044871995739,2304,2309,0.0010277943157961378,0.0003922535348800977,0.0005640334659856583,0.0014727540500737435,8912.0,8930.0
0.6936044871995739,2532,2537,0.0010277943157961157,0.0004805637705683012,0.00040735750321185815,0.001598094820292717,9596.0,9614.0
0.6936044871995739,1272,1277,0.0010277943157961157,0.0005594012075441657,0.00040735750321185815,0.0017861059756213438,5816.0,5834.0
0.6936044871995739,2676,2681,0.001021527277285239,0.0008917051070959165,-0.00043869269576646275,0.0019741171309498595,10028.0,10046.0
0.6936044871995739,5640,5645,0.0010152602387742515,0.0020013598844700322,-0.0011907373170807478,0.003948234261899608,18920.0,18938.0
0.6936044871995739,3126,3131,0.001008993200263264,0.001844176580682397,-0.0011280669319712056,0.0034155359884686654,11378.0,11396.0
0.6936044871995739,2514,2519,0.0010089932002632419,0.0009697216940304923,0.00018801115532862678,0.0026321561745996647,9542.0,9560.0
0.6936044871995739,4080,4085,0.0010027261617523875,0.000799815060827867,6.26703851097643e-05,0.001942781938395144,14240.0,14258.0
0.6936044871995739,4344,4349,0.0010027261617523652,0.0007549765802749041,-0.00015667596277368911,0.0015667596277380014,15032.0,15050.0
0.6936044871995739,5394,5399,0.001002726161752321,0.0014685812246358326,-0.0009400557766426898,0.0030708488703664605,18182.0,18200.0
0.6936044871995739,1266,1271,0.0009964591232414443,0.0004515965506296744,0.0003446871181024269,0.0015354244351833968,5798.0,5816.0
0.6936044871995739,4884,4889,0.0009901920847304568,0.0005199187424105256,0.00012534077021919554,0.0014727540500737435,16652.0,16670.0
0.6936044871995739,1326,1331,0.0009839250462195359,0.0005519798899826519,3.133519255493766e-05,0.0014414188575189169,5978.0,5996.0
0.6936044871995739,3318,3323,0.0009839250462194914,0.0001394328045704384,0.0008147150064238273,0.0011907373170808588,11954.0,11972.0
0.6936044871995739,3684,3689,0.0009839250462194914,0.0010747103126896801,-0.0008460501989783209,0.001848776360730886,13052.0,13070.0
0.6936044871995739,5496,5501,0.0009776580077085263,0.000635803334529741,0.000501363080876116,0.0020367875160594018,18488.0,18506.0
0.6936044871995739,4824,4829,0.000977658007708504,0.0006529460175076666,0.000250681540438058,0.0017861059756212327,16472.0,16490.0
0.6936044871995739,1314,1319,0.000977658007708504,0.00025204872687855187,0.0007833798138688897,0.0014100836649640902,5942.0,5960.0
0.6936044871995739,4308,4313,0.000977658007708504,0.000950288472391654,0.00018801115532862678,0.0024754802118258645,14924.0,14942.0
0.6936044871995739,2124,2129,0.0009713909691975609,0.00010392707643771389,0.0008773853915332586,0.0011280669319714276,8372.0,8390.0
0.6936044871995739,2982,2987,0.00096512393068664,0.0005049732148814039,0.0004700278883214004,0.0015354244351832858,10946.0,10964.0
0.6936044871995739,3582,3587,0.0009651239306865733,0.0005198243061655762,0.0002193463478833424,0.001598094820292606,12746.0,12764.0
0.6936044871995739,4812,4817,0.0009588568921756746,0.0005647293742898046,0.00037602231065714253,0.0016921003979570859,16436.0,16454.0
0.6936044871995739,5934,5939,0.0009588568921756524,0.0015265417531979844,-0.00043869269576657377,0.0031335192554758917,19802.0,19820.0
0.6936044871995739,3744,3749,0.0009525898536647537,0.0004028735863033741,0.0006893742362047428,0.0016607652054022592,13232.0,13250.0
0.6936044871995739,126,131,0.0009463228151538105,0.0005788111372302457,0.0003133519255478223,0.0016921003979570859,2378.0,2396.0
0.6936044871995739,3276,3281,0.0009463228151538105,0.0007011665082036323,-0.0001880111553282937,0.0016921003979569749,11828.0,11846.0
0.6936044871995739,2382,2387,0.0009463228151537662,0.0006834377183880256,6.267038510965328e-05,0.0019741171309497485,9146.0,9164.0
0.6936044871995739,1734,1739,0.0009463228151537662,0.0012422734237815232,-0.0006580390436498051,0.002694826559709318,7202.0,7220.0
0.6936044871995739,2862,2867,0.0009463228151537662,0.0005563210233114202,9.40055776643689e-05,0.0014727540500738545,10586.0,10604.0
0.6936044871995739,4446,4451,0.000946322815153744,0.0009074771308813552,0.000250681540438058,0.002538150596935518,15338.0,15356.0
0.6936044871995739,3504,3509,0.000940055776642823,0.0015680125344777422,-0.0008460501989784319,0.003352865603359234,12512.0,12530.0
0.6936044871995739,30,35,0.0009337887381318799,0.0005851380518946856,0.0003133519255477113,0.0015667596277380014,2090.0,2108.0
0.6936044871995739,2820,2825,0.0009337887381318577,0.0004450259304646637,0.00015667596277380014,0.0012220725096355745,10460.0,10478.0
0.6936044871995739,5478,5483,0.0009275216996209368,0.001256654523143614,-0.000501363080876005,0.0023814746341617177,18434.0,18452.0
0.6936044871995739,4602,4607,0.0009275216996209368,0.00044733662582001815,0.000501363080876116,0.001598094820292717,15806.0,15824.0
0.6936044871995739,564,569,0.0009212546611099936,0.00032307176182192653,0.0004073575032120802,0.0012847428947451167,3692.0,3710.0
0.6936044871995739,546,551,0.0009149876225990283,0.0011792195287387,-0.0008460501989783209,0.0023188042490520644,3638.0,3656.0
0.6936044871995739,5406,5411,0.0009149876225990061,0.00033995434725949314,0.0004073575032119692,0.0011907373170809699,18218.0,18236.0
0.6936044871995739,1776,1781,0.0009087205840880852,0.00029809634930029217,0.0006580390436500272,0.0014100836649642012,7328.0,7346.0
0.6936044871995739,2640,2645,0.0009087205840880852,0.0005086542500156151,0.00037602231065725356,0.001598094820292828,9920.0,9938.0
0.6936044871995739,3420,3425,0.0009087205840880408,0.00039698115060694393,0.0004386926957667958,0.001347413279854659,12260.0,12278.0
0.6936044871995739,5070,5075,0.0008961865070661323,0.00028940556861522935,0.00040735750321174713,0.0011280669319714276,17210.0,17228.0
0.6936044871995739,3882,3887,0.0008961865070661101,0.0005398390741668652,0.00015667596277380014,0.0015040892426284591,13646.0,13664.0
0.6936044871995739,984,989,0.0008899194685552336,0.0003114661395616422,0.000501363080876227,0.0013160780872998323,4952.0,4970.0
0.6936044871995739,5124,5129,0.0008899194685551892,0.0008076338145907736,0.00037602231065714253,0.00228746905649746,17372.0,17390.0
0.6936044871995739,1962,1967,0.0008836524300443127,0.0005817722600857984,0.0001880111553287378,0.0015354244351832858,7886.0,7904.0
0.6936044871995739,5550,5555,0.0008773853915333251,0.0008584355925047849,-0.000250681540437947,0.0019741171309498595,18650.0,18668.0
0.6936044871995739,2718,2723,0.000877385391533303,0.0003396653932360037,0.0003133519255476003,0.0011594021245261432,10154.0,10172.0
0.6936044871995739,3660,3665,0.0008711183530223821,0.0005433742851275183,0.00021934634788345342,0.0015040892426284591,12980.0,12998.0
0.6936044871995739,2700,2705,0.0008711183530223821,0.0010113551722508859,-9.400557766414686e-05,0.0024128098267164333,10100.0,10118.0
0.6936044871995739,660,665,0.0008711183530223599,0.0003730072670059895,0.000501363080876227,0.0014727540500737435,3980.0,3998.0
0.6936044871995739,1146,1151,0.0008711183530223376,0.0002296251804664002,0.0005326982734309427,0.001096731739416601,5438.0,5456.0
0.6936044871995739,4242,4247,0.0008648513145114167,0.00031848026690743094,0.0004073575032119692,0.001253407702190401,14726.0,14744.0
0.6936044871995739,48,53,0.0008585842760004736,0.001321030176021875,-0.0011907373170807478,0.002506815404380802,2144.0,2162.0
0.6936044871995739,4848,4853,0.0008585842760004514,0.00046929616426635823,0.0003133519255477113,0.001598094820292717,16544.0,16562.0
0.6936044871995739,1308,1313,0.0008523172374895083,0.002229582076164799,-0.0006893742362046318,0.004762949268323435,5924.0,5942.0
0.6936044871995739,4704,4709,0.0008523172374895083,0.0007657592777416742,-0.0003760223106570315,0.0016921003979570859,16112.0,16130.0
0.6936044871995739,5136,5141,0.0008523172374894639,0.000971239335463089,-3.1335192554604596e-05,0.002099457901168833,17408.0,17426.0
0.6936044871995739,336,341,0.0008460501989785652,0.00046793421248607673,0.00025068154043816904,0.001253407702190401,3008.0,3026.0
0.6936044871995739,3984,3989,0.0008460501989785652,0.001479240153156715,-0.0006267038510952005,0.002694826559709318,13952.0,13970.0
0.6936044871995739,828,833,0.0008460501989785429,0.0005186897301176765,0.00012534077021919554,0.0013787484724093746,4484.0,4502.0
0.6936044871995739,3228,3233,0.0008397831604675998,0.0006920042242824975,-6.267038510943124e-05,0.0018174411681760594,11684.0,11702.0
0.6936044871995739,1278,1283,0.0008397831604675998,0.0009574939690957819,-0.0001253407702189735,0.002350139441607002,5834.0,5852.0
0.6936044871995739,4770,4775,0.0008335161219566789,0.0009500817980802803,0.00021934634788345342,0.002506815404380691,16310.0,16328.0
0.6936044871995739,1440,1445,0.0008335161219566123,0.00022223699716730563,0.0006580390436499162,0.0012220725096356855,6320.0,6338.0
0.6936044871995739,1932,1937,0.0008272490834456692,0.000371160031832493,0.00018801115532851576,0.0011594021245261432,7796.0,7814.0
0.6936044871995739,5532,5537,0.0008178485256792545,0.0007496253087813972,0.0003446871181023159,0.0021307930937236597,18596.0,18614.0
0.6936044871995739,1974,1979,0.0008147150064238051,0.0006946949292575216,9.40055776643689e-05,0.0019741171309498595,7922.0,7940.0
0.6936044871995739,3006,3011,0.0008147150064237829,0.00044974462113893995,0.000501363080876116,0.001598094820292717,11018.0,11036.0
0.6936044871995739,1362,1367,0.0008147150064237829,0.0010039494465328128,-0.000501363080876005,0.0022247986713879175,6086.0,6104.0
0.6936044871995739,2100,2105,0.0008147150064237829,0.0007572491444611978,-0.000501363080876116,0.0013787484724094856,8300.0,8318.0
0.6936044871995739,630,635,0.0008147150064237385,0.0002837522369610445,0.0004386926957666848,0.0011280669319713166,3890.0,3908.0
0.6936044871995739,4356,4361,0.0008147150064237385,0.0003944999941093828,0.00037602231065714253,0.001347413279854548,15068.0,15086.0
0.6936044871995739,1428,1433,0.0008084479679129064,0.0004349839424092678,0.00012534077021919554,0.0012847428947452277,6284.0,6302.0
0.6936044871995739,1752,1757,0.000808447967912862,0.0009587749666036122,-0.000501363080876005,0.0021307930937235486,7256.0,7274.0
0.6936044871995739,3618,3623,0.0008084479679128398,0.0005433742851274847,6.267038510965328e-05,0.0015354244351831747,12854.0,12872.0
0.6936044871995739,1056,1061,0.0008084479679128176,0.0008435512988159153,-0.0005953686585403739,0.001598094820292717,5168.0,5186.0
0.6936044871995739,3078,3083,0.0008021809294018967,0.0004554934291440121,0.00018801115532862678,0.0014100836649642012,11234.0,11252.0
0.6936044871995739,4608,4613,0.0007959138908909091,0.00027371250339260214,0.000501363080876227,0.0011280669319713166,15824.0,15842.0
0.6936044871995739,3054,3059,0.0007959138908909091,0.0002453367484231542,0.0006267038510952005,0.0012220725096357965,11162.0,11180.0
0.6936044871995739,3372,3377,0.0007896468523799882,0.0014414869758931463,-0.0004700278883212894,0.002694826559709318,12116.0,12134.0
0.6936044871995739,4086,4091,0.0007896468523799661,0.00047127962925501903,0.00015667596277391116,0.0012847428947451167,14258.0,14276.0
0.6936044871995739,5520,5525,0.0007896468523799216,0.00017918689506470778,0.0005640334659855473,0.0010340613543070587,18560.0,18578.0
0.6936044871995739,1944,1949,0.0007708457368471366,0.0018142778829493703,-0.0015354244351830637,0.003290195218249692,7832.0,7850.0
0.6936044871995739,4506,4511,0.0007645786983362379,0.0005839622314548217,9.40055776643689e-05,0.0015040892426284591,15518.0,15536.0
0.6936044871995739,3912,3917,0.0007645786983361935,0.0006719188906896677,9.40055776643689e-05,0.0017234355905118015,13736.0,13754.0
0.6936044871995739,4470,4475,0.0007645786983361714,0.0011681766508701752,-0.0002820167329926626,0.0020681227086141174,15410.0,15428.0
0.6936044871995739,330,335,0.000758311659825206,0.00045484626789484787,0.00037602231065714253,0.0012847428947451167,2990.0,3008.0
0.6936044871995739,3750,3755,0.0007520446213143516,0.0005449981866614346,-9.400557766414686e-05,0.00134741327985477,13250.0,13268.0
0.6936044871995739,4818,4823,0.0007520446213142851,0.0007411948843741191,-0.00018801115532851576,0.0016921003979570859,16454.0,16472.0
0.6936044871995739,4500,4505,0.0007520446213142628,0.0008358335893428775,-0.0001253407702189735,0.001848776360730886,15500.0,15518.0
0.6936044871995739,1248,1253,0.0007520446213142406,0.0004244733238537482,9.400557766425788e-05,0.001253407702190401,5744.0,5762.0
0.6936044871995739,4404,4409,0.0007457775828033419,0.0008656683683680869,-0.0007207094287593474,0.0014414188575189169,15212.0,15230.0
0.6936044871995739,2784,2789,0.0007457775828033197,0.0005496625089861905,-0.00015667596277380014,0.0012847428947452277,10352.0,10370.0
0.6936044871995739,3690,3695,0.0007457775828032754,0.0005025367767800906,0.00015667596277380014,0.0013160780872999434,13070.0,13088.0
0.6936044871995739,3546,3551,0.000739510544292421,0.0008191021731303066,-0.0002820167329926626,0.0018801115532856016,12638.0,12656.0
0.6936044871995739,4626,4631,0.000739510544292421,0.00021889824455960404,0.0005326982734309427,0.001096731739416712,15878.0,15896.0
0.6936044871995739,2730,2735,0.0007395105442923544,0.0003075002770117814,0.00040735750321185815,0.0011907373170808588,10190.0,10208.0
0.6936044871995739,3030,3035,0.00073951054429231,0.0011516695751095536,-0.0006580390436499162,0.002538150596935407,11090.0,11108.0
0.6936044871995739,3480,3485,0.0007332435057814113,0.00028599264773862754,0.00037602231065725356,0.001096731739416601,12440.0,12458.0
0.6936044871995739,318,323,0.0007332435057813891,0.00034440213490512966,0.000250681540438058,0.0012220725096355745,2954.0,2972.0
0.6936044871995739,1356,1361,0.0007269764672704904,0.0001707696123014212,0.0005013630808763381,0.0009400557766429118,6068.0,6086.0
0.6936044871995739,5466,5471,0.0007207094287595472,0.0002066697890870073,0.00047002788832162246,0.0009400557766428008,18398.0,18416.0
0.6936044871995739,516,521,0.0007207094287595472,0.0012060996618254954,-0.001002726161752232,0.002287469056497571,3548.0,3566.0
0.6936044871995739,2994,2999,0.000720709428759525,0.0008474996607212634,-0.00021934634788323137,0.0019741171309498595,10982.0,11000.0
0.6936044871995739,312,317,0.0007207094287595029,0.0006764338402821234,-6.267038510943124e-05,0.0016607652054022592,2936.0,2954.0
0.6936044871995739,2184,2189,0.0007207094287595029,0.0009348186563580003,-0.0002193463478833424,0.002256133863942633,8552.0,8570.0
0.6936044871995739,3330,3335,0.0007144423902485597,0.0005460781048670325,1.1102230246251565e-16,0.001347413279854659,11990.0,12008.0
0.6936044871995739,1014,1019,0.0007019083132266512,0.0004719042546176321,0.00018801115532862678,0.0011907373170808588,5042.0,5060.0
0.6936044871995739,504,509,0.0007019083132266291,0.0004478850342958943,0.0003446871181024269,0.0014727540500736325,3512.0,3530.0
0.6936044871995739,1854,1859,0.000695641274715686,0.0005536672268618807,6.267038510965328e-05,0.0015040892426284591,7562.0,7580.0
0.6936044871995739,1422,1427,0.0006956412747156637,0.0005838781536728324,6.267038510965328e-05,0.0013160780872997213,6266.0,6284.0
0.6936044871995739,2010,2015,0.0006893742362047873,0.0011438418355179801,-0.0005326982734307206,0.002005452323504464,8030.0,8048.0
0.6936044871995739,4656,4661,0.0006893742362047428,0.0002536022006116637,0.0003133519255476003,0.0009400557766428008,15968.0,15986.0
0.6936044871995739,102,107,0.0006893742362047428,0.0001893122861153322,0.00040735750321185815,0.0008773853915332586,2306.0,2324.0
0.6936044871995739,4260,4265,0.0006831071976938663,0.0015482249018517315,-0.001347413279854548,0.002099457901168944,14780.0,14798.0
0.6936044871995739,3528,3533,0.0006831071976937774,0.00030493505783108497,0.0004700278883214004,0.0012220725096356855,12584.0,12602.0
0.6936044871995739,1194,1199,0.0006643060821609703,0.00025107292481446733,0.0003133519255476003,0.0009713909691975164,5582.0,5600.0
0.6936044871995739,1080,1085,0.0006643060821609481,0.0006659742126364843,1.1102230246251565e-16,0.0014100836649642012,5240.0,5258.0
0.6936044871995739,5118,5123,0.0006580390436500494,0.000561853197036973,-9.400557766414686e-05,0.0014727540500737435,17354.0,17372.0
0.6936044871995739,3708,3713,0.0006580390436500272,0.0006613878644816818,-0.00047002788832117837,0.0012220725096356855,13124.0,13142.0
0.6936044871995739,3792,3797,0.000658039043650005,0.0013388233755264834,-0.00125340770219029,0.0022247986713879175,13376.0,13394.0
0.6936044871995739,2040,2045,0.0006455049666281188,0.0005939651667185849,1.1102230246251565e-16,0.0014100836649642012,8120.0,8138.0
0.6936044871995739,3876,3881,0.0006392379281171534,0.00023090443928107623,0.00037602231065714253,0.0009713909691976275,13628.0,13646.0
0.6936044871995739,3954,3959,0.0006392379281171312,0.002407472872004426,-0.002099457901168833,0.0037288879140162656,13862.0,13880.0
0.6936044871995739,4530,4535,0.0006329708896062547,0.00024812249421649,0.00034468711810253794,0.0009087205840880852,15590.0,15608.0
0.6936044871995739,1350,1355,0.0006329708896061437,0.0006491756544394201,-0.0003446871181023159,0.0012847428947451167,6050.0,6068.0
0.6936044871995739,3246,3251,0.000626703851095245,0.00038696108279478905,0.0,0.001002726161752454,11738.0,11756.0
0.6936044871995739,4362,4367,0.0006204368125843019,0.0005724142952341996,-0.00015667596277368911,0.001347413279854659,15086.0,15104.0
0.6936044871995739,840,845,0.0006204368125842796,0.0008704756317547869,-0.0005953686585403739,0.0018174411681760594,4520.0,4538.0
0.6936044871995739,1860,1865,0.0006204368125842574,0.0007053551148047729,-3.133519255471562e-05,0.001598094820292717,7580.0,7598.0
0.6936044871995739,1230,1235,0.0006204368125842352,0.0007406647967793892,-0.00021934634788323137,0.001253407702190401,5690.0,5708.0
0.6936044871995739,438,443,0.0006141697740733587,0.0005084611757060541,-0.00012534077021886247,0.0011594021245260322,3314.0,3332.0
0.6936044871995739,288,293,0.0006016356970514058,0.00031288154460858684,0.00015667596277380014,0.0009713909691975164,2864.0,2882.0
0.6936044871995739,618,623,0.0005953686585404849,0.0007868191351166912,-0.0007207094287593474,0.001347413279854659,3854.0,3872.0
0.6936044871995739,2736,2741,0.0005953686585404627,0.0004061505153641546,0.00018801115532862678,0.001253407702190401,10208.0,10226.0
0.6936044871995739,1050,1055,0.0005953686585404405,0.0003125675640532689,0.000250681540438058,0.0010340613543071697,5150.0,5168.0
0.6936044871995739,342,347,0.0005953686585404405,0.0003786245722305404,0.00028201673299288466,0.0011907373170807478,3026.0,3044.0
0.6936044871995739,5796,5801,0.0005891016200295862,0.0005650770070554597,2.220446049250313e-16,0.0011907373170809699,19388.0,19406.0
0.6936044871995739,834,839,0.000589101620029564,0.000609789610069292,-9.400557766414686e-05,0.0010653965468618853,4502.0,4520.0
0.6936044871995739,3270,3275,0.0005891016200294974,0.000565511247499925,-0.0001253407702189735,0.0012220725096355745,11810.0,11828.0
0.6936044871995739,4194,4199,0.0005828345815186431,0.0003638122463873912,0.00025068154043816904,0.0011907373170809699,14582.0,14600.0
0.6936044871995739,5928,5933,0.0005828345815186209,0.0007870063021815836,-0.0004700278883212894,0.0016607652054022592,19784.0,19802.0
0.6936044871995739,2460,2465,0.0005828345815185765,0.0012669651886642872,-0.0011280669319712056,0.0016294300128474326,9380.0,9398.0
0.6936044871995739,3288,3293,0.0005828345815185765,0.0007229538933208901,-0.00043869269576657377,0.0011907373170808588,11864.0,11882.0
0.6936044871995739,3486,3491,0.0005828345815185765,0.0003751072541383484,0.00028201673299288466,0.0012220725096356855,12458.0,12476.0
0.6936044871995739,2526,2531,0.0005828345815185543,0.00016669615615290875,0.0004700278883214004,0.0008773853915332586,9578.0,9596.0
0.6936044871995739,5724,5729,0.0005828345815185321,0.0006021740298281574,-0.00015667596277368911,0.001253407702190401,19172.0,19190.0
0.6936044871995739,1200,1205,0.0005765675430076334,0.0003350082351619797,0.00012534077021908452,0.001002726161752343,5600.0,5618.0
0.6936044871995739,5232,5237,0.0005765675430076111,0.00043958707527969395,6.267038510954226e-05,0.001096731739416601,17696.0,17714.0
0.6936044871995739,1386,1391,0.0005765675430075667,0.00041250731009334624,0.00015667596277391116,0.0010653965468616633,6158.0,6176.0
0.6936044871995739,5778,5783,0.0005703005044966458,0.0009464058186460855,-0.000501363080876116,0.0020681227086140064,19334.0,19352.0
0.6936044871995739,4092,4097,0.0005703005044966458,0.00016932605629189662,0.0003133519255476003,0.0007520446213142851,14276.0,14294.0
0.6936044871995739,444,449,0.0005640334659857693,0.00021709658227916625,0.00037602231065725356,0.0008773853915333696,3332.0,3350.0
0.6936044871995739,540,545,0.0005640334659857471,0.00045354917513641744,6.267038510965328e-05,0.0012220725096355745,3620.0,3638.0
0.6936044871995739,5688,5693,0.0005577664274747818,0.00025782599480737335,0.00021934634788345342,0.0008147150064237163,19064.0,19082.0
0.6936044871995739,3096,3101,0.0005577664274747818,0.0006622780235177889,-9.400557766414686e-05,0.0015040892426284591,11288.0,11306.0
0.6936044871995739,3360,3365,0.0005577664274747596,0.00028323270237148895,0.0003133519255476003,0.001002726161752343,12080.0,12098.0
0.6936044871995739,5508,5513,0.000551499388963883,0.0008058081009726434,-0.00015667596277368911,0.001692100397957197,18524.0,18542.0
0.6936044871995739,5310,5315,0.0005514993889638387,9.027581418785795e-05,0.0004073575032119692,0.0006267038510953116,17930.0,17948.0
0.6936044871995739,3522,3527,0.0005514993889638387,0.0006799086945189842,-0.00043869269576646275,0.0012220725096356855,12566.0,12584.0
0.6936044871995739,4056,4061,0.0005514993889638387,0.00042941791779213827,0.00015667596277391116,0.0012220725096356855,14168.0,14186.0
0.6936044871995739,2364,2369,0.0005514993889638165,0.0008226905467923984,-0.0008147150064237163,0.00134741327985477,9092.0,9110.0
0.6936044871995739,4434,4439,0.0005514993889638165,0.0015428565497710616,-0.0019114467458402062,0.0019741171309498595,15302.0,15320.0
0.6936044871995739,3036,3041,0.0005452323504529178,0.0002877041689878561,9.400557766447992e-05,0.0008147150064238273,11108.0,11126.0
0.6936044871995739,2748,2753,0.0005452323504528733,0.0003815952352551073,-6.267038510943124e-05,0.0008460501989785429,10244.0,10262.0
0.6936044871995739,5334,5339,0.0005452323504528511,0.00023407200071425243,0.000250681540438058,0.0008147150064237163,18002.0,18020.0
0.6936044871995739,2604,2609,0.0005452323504528511,0.0012209873480987766,-0.0010340613543069477,0.0018801115532854906,9812.0,9830.0
0.6936044871995739,1884,1889,0.0005389653119419524,0.0005749815721098328,-0.00018801115532851576,0.0013160780873000544,7652.0,7670.0
0.6936044871995739,2652,2657,0.0005389653119419524,0.0004466776468826109,-0.00021934634788323137,0.0008773853915333696,9956.0,9974.0
0.6936044871995739,1914,1919,0.0005389653119419302,0.0013513063367192658,-0.0008773853915331475,0.0025694857894902334,7742.0,7760.0
0.6936044871995739,432,437,0.0005389653119419302,0.000659678368912498,-0.00040735750321174713,0.001347413279854659,3296.0,3314.0
0.6936044871995739,360,365,0.000538965311941908,0.00027082744256360915,0.00015667596277391116,0.0008147150064238273,3080.0,3098.0
0.6936044871995739,3108,3113,0.000538965311941908,0.0015085544079007699,-0.0013160780872997213,0.0020681227086140064,11324.0,11342.0
0.6936044871995739,4002,4007,0.000538965311941908,0.00033117607471849645,0.00015667596277391116,0.0009400557766428008,14006.0,14024.0
0.6936044871995739,3870,3875,0.0005326982734309649,0.0002564896052352579,0.00018801115532862678,0.0008773853915333696,13610.0,13628.0
0.6936044871995739,648,653,0.0005264312349200218,0.0014498072671339595,-0.0006267038510950895,0.0029141729075926603,3944.0,3962.0
0.6936044871995739,528,533,0.0005264312349199995,0.0002500933154417665,0.00025068154043816904,0.0008147150064237163,3584.0,3602.0
0.6936044871995739,4374,4379,0.0005264312349199995,0.0004591434466347879,9.40055776643689e-05,0.001253407702190401,15122.0,15140.0
0.6936044871995739,4620,4625,0.0005201641964091008,0.0003320643447307401,6.267038510954226e-05,0.0009713909691976275,15860.0,15878.0
0.6936044871995739,3666,3671,0.0005201641964091008,0.0009959958853609588,-0.0011594021245259212,0.0015040892426285701,12998.0,13016.0
0.6936044871995739,1584,1589,0.0005201641964091008,0.0011482541773900152,-0.0008147150064236053,0.0020681227086142284,6752.0,6770.0
0.6936044871995739,4368,4373,0.0005201641964090786,0.0014082720233953357,-0.0008773853915331475,0.0021307930937236597,15104.0,15122.0
0.6936044871995739,150,155,0.0005201641964090343,0.0003386521125837758,6.267038510954226e-05,0.0007833798138690007,2450.0,2468.0
0.6936044871995739,3858,3863,0.0005201641964089898,0.0002825385035277151,0.0002193463478833424,0.0008147150064237163,13574.0,13592.0
0.6936044871995739,5664,5669,0.0005138971578981577,0.0011240558596069732,-0.0005326982734308316,0.0022247986713880286,18992.0,19010.0
0.6936044871995739,4110,4115,0.0005138971578981133,0.00151653915254139,-0.0019114467458400952,0.002099457901168833,14330.0,14348.0
0.6936044871995739,1098,1103,0.0005138971578981133,0.001797695381514994,-0.0007833798138690007,0.0036662175289068344,5294.0,5312.0
0.6936044871995739,2286,2291,0.0005138971578980911,0.0004040903622129844,-6.267038510954226e-05,0.0010340613543070587,8858.0,8876.0
0.6936044871995739,4560,4565,0.0005138971578980911,0.0003611032567514588,-3.1335192554604596e-05,0.0009087205840879742,15680.0,15698.0
0.6936044871995739,2406,2411,0.0005013630808762715,0.00047263194087048357,-0.0001253407702189735,0.001096731739416712,9218.0,9236.0
0.6936044871995739,4164,4169,0.0005013630808762493,0.00013108451517157945,0.00037602231065725356,0.0006580390436501382,14492.0,14510.0
0.6936044871995739,498,503,0.000501363080876227,0.0003496367249149289,3.133519255482664e-05,0.0008773853915333696,3494.0,3512.0
0.6936044871995739,5058,5063,0.000501363080876227,0.001181008400654414,-0.0008773853915331475,0.0022874690564973488,17174.0,17192.0
0.6936044871995739,5868,5873,0.0005013630808762048,0.0003856902712089559,-3.133519255471562e-05,0.0008773853915333696,19604.0,19622.0
0.6936044871995739,108,113,0.0005013630808761826,0.0004984167493055321,-0.00028201673299277363,0.0009713909691975164,2324.0,2342.0
0.6936044871995739,204,209,0.0004950960423653061,0.0003175540014454114,0.00025068154043816904,0.0010340613543071697,2612.0,2630.0
0.6936044871995739,3894,3899,0.0004950960423652839,0.0005212390533327145,-0.00034468711810220487,0.001002726161752343,13682.0,13700.0
0.6936044871995739,2520,2525,0.0004950960423652617,0.0007577028393716314,-0.0002820167329926626,0.0016921003979569749,9560.0,9578.0
0.6936044871995739,408,413,0.0004950960423652617,0.00025591473053728793,0.0001880111553287378,0.0008147150064237163,3224.0,3242.0
0.6936044871995739,3762,3767,0.0004950960423652396,0.000433287651237887,-0.00018801115532851576,0.0008147150064237163,13286.0,13304.0
0.6936044871995739,2484,2489,0.0004888290038542964,0.00042655012881236896,6.267038510954226e-05,0.0011594021245261432,9452.0,9470.0
0.6936044871995739,594,599,0.0004888290038542742,0.0003685050618987352,0.00012534077021908452,0.0010653965468618853,3782.0,3800.0
0.6936044871995739,5946,5951,0.0004825619653433755,0.00028079549797540605,0.00028201673299288466,0.0009400557766429118,19838.0,19856.0
0.6936044871995739,3402,3407,0.0004825619653433755,0.0003835202276387088,-0.00012534077021886247,0.0009400557766428008,12206.0,12224.0
0.6936044871995739,4764,4769,0.00048256196534335327,0.0007061203308947427,-0.0003760223106570315,0.001253407702190401,16292.0,16310.0
0.6936044871995739,4758,4763,0.0004762949268324101,0.00031909628347320096,0.00021934634788345342,0.001002726161752343,16274.0,16292.0
0.6936044871995739,3906,3911,0.0004762949268324101,0.000556762092930618,-0.000501363080876005,0.0008460501989785429,13718.0,13736.0
0.6936044871995739,1380,1385,0.0004762949268324101,0.0011844122490139795,-0.000752044621314174,0.0019741171309497485,6140.0,6158.0
0.6936044871995739,1338,1343,0.00047629492683238795,0.00047800293079815654,0.00012534077021908452,0.0013160780872998323,6014.0,6032.0
0.6936044871995739,5064,5069,0.00047629492683238795,0.0005496625089861428,-0.000250681540437947,0.0010653965468618853,17192.0,17210.0
0.6936044871995739,3348,3353,0.0004637608498105905,0.00020950101401238347,0.00021934634788356444,0.0007520446213142851,12044.0,12062.0
0.6936044871995739,2400,2405,0.0004637608498105017,0.0006012765407679016,-0.00028201673299277363,0.0012847428947452277,9200.0,9218.0
0.6936044871995739,4350,4355,0.00045749381129953635,0.0004671992093425294,-3.133519255471562e-05,0.0012220725096356855,15050.0,15068.0
0.6936044871995739,3714,3719,0.00045122677278861543,0.0004927701883447731,3.133519255482664e-05,0.0012220725096356855,13142.0,13160.0
0.6936044871995739,3042,3047,0.00045122677278859326,0.0003744522732752229,-9.400557766414686e-05,0.0009400557766429118,11126.0,11144.0
0.6936044871995739,4938,4943,0.00044495973427762794,0.0008133278458403719,-0.0005640334659855473,0.0014100836649642012,16814.0,16832.0
0.6936044871995739,3300,3305,0.0004386926957666848,0.0008340696051268184,-0.0005326982734308316,0.0014414188575189169,11900.0,11918.0
0.6936044871995739,2616,2621,0.00043869269576666257,0.00021822436432151094,9.400557766425788e-05,0.0006580390436499162,9848.0,9866.0
0.6936044871995739,702,707,0.0004324256572557639,0.00030734057807759656,0.00018801115532862678,0.0007833798138690007,4106.0,4124.0
0.6936044871995739,1644,1649,0.00043242565725574165,0.00021183146405732102,0.00025068154043816904,0.0007833798138690007,6932.0,6950.0
0.6936044871995739,4698,4703,0.0004324256572557195,0.0004644590143918903,-0.00021934634788323137,0.0008460501989785429,16094.0,16112.0
0.6936044871995739,4386,4391,0.00042615861874482073,0.0006381925669464085,-0.000501363080876005,0.001002726161752343,15158.0,15176.0
0.6936044871995739,3672,3677,0.00042615861874477633,0.0006678881471153545,-0.0006580390436498051,0.001096731739416601,13016.0,13034.0
0.6936044871995739,456,461,0.00041989158023383324,0.00017530913083324605,0.00025068154043816904,0.0006893742362048538,3368.0,3386.0
0.6936044871995739,252,257,0.00041989158023383324,0.00021889824455958418,0.000250681540438058,0.0006893742362047428,2756.0,2774.0
0.6936044871995739,1398,1403,0.00041989158023383324,0.0007718895365626676,-0.00028201673299288466,0.0014100836649642012,6194.0,6212.0
0.6936044871995739,3180,3185,0.0004136245417229123,0.00034991744493198334,6.267038510965328e-05,0.0009713909691976275,11540.0,11558.0
0.6936044871995739,1746,1751,0.0004136245417229123,0.00027082744256357125,0.0001880111553287378,0.0008773853915332586,7238.0,7256.0
0.6936044871995739,1452,1457,0.0004136245417228901,0.0013910496332334762,-0.002005452323504464,0.0013160780872998323,6356.0,6374.0
0.6936044871995739,1890,1895,0.00041362454172286787,0.00017781168751429367,0.00028201673299288466,0.0007207094287594584,7670.0,7688.0
0.6936044871995739,90,95,0.00041362454172286787,0.0004400335833432645,-3.133519255471562e-05,0.001096731739416601,2270.0,2288.0
0.6936044871995739,3000,3005,0.0004136245417228457,0.00010944912227978612,0.00028201673299277363,0.0005326982734309427,11000.0,11018.0
0.6936044871995739,5556,5561,0.0004073575032120358,0.00034038731837186787,-3.133519255471562e-05,0.0007833798138691117,18668.0,18686.0
0.6936044871995739,4044,4049,0.00040735750321194695,0.0006847295266321289,-0.0005326982734307206,0.001253407702190401,14132.0,14150.0
0.6936044871995739,1332,1337,0.00040109046470100386,0.0003296903064597633,6.267038510965328e-05,0.0008773853915333696,5996.0,6014.0
0.6936044871995739,5988,5993,0.00040109046470098163,0.0005025367767800615,-0.00040735750321174713,0.0008460501989784319,19964.0,19982.0
0.6936044871995739,1254,1259,0.00040109046470095946,0.00029008333434105805,0.00015667596277391116,0.0008773853915332586,5762.0,5780.0
0.6936044871995739,5022,5027,0.0003885563876791398,0.0005274188592089956,-0.000501363080876005,0.0008460501989785429,17066.0,17084.0
0.6936044871995739,1926,1931,0.0003885563876791176,0.00039673373322510094,3.133519255482664e-05,0.001002726161752343,7778.0,7796.0
0.6936044871995739,3828,3833,0.0003885563876791176,0.0004852404057042712,-9.400557766414686e-05,0.0011594021245262542,13484.0,13502.0
0.6936044871995739,2088,2093,0.0003885563876790954,0.00019392408669531105,0.00018801115532862678,0.0006267038510953116,8264.0,8282.0
0.6936044871995739,4428,4433,0.00038855638767907317,0.0008404026205068962,-0.00028201673299277363,0.0018174411681760594,15284.0,15302.0
0.6936044871995739,2634,2639,0.0003885563876790066,0.0007323993800939811,-0.0006893742362047428,0.0010653965468617743,9902.0,9920.0
0.6936044871995739,3702,3707,0.00038228934916815225,0.00037888381537785876,-0.00018801115532851576,0.0006893742362047428,13106.0,13124.0
0.6936044871995739,2430,2435,0.00038228934916815225,0.00020234868913559566,3.133519255493766e-05,0.0005326982734310537,9290.0,9308.0
0.6936044871995739,5346,5351,0.00038228934916815225,0.00045105265479140395,-6.267038510943124e-05,0.0010653965468618853,18038.0,18056.0
0.6936044871995739,4212,4217,0.0003822893491681301,0.0005633366980038533,-6.267038510954226e-05,0.00134741327985477,14636.0,14654.0
0.6936044871995739,2742,2747,0.0003822893491681301,0.0007088267132688104,-0.0001253407702189735,0.001598094820292717,10226.0,10244.0
0.6936044871995739,2754,2759,0.00037602231065716476,0.0002776305133749481,1.1102230246251565e-16,0.0007207094287595694,10262.0,10280.0
0.6936044871995739,300,305,0.00037602231065714253,0.0005790655410828119,-0.00018801115532851576,0.00125340770219029,2900.0,2918.0
0.6936044871995739,2778,2783,0.0003697552721461994,0.00046814400142846887,-0.00018801115532851576,0.0008773853915332586,10334.0,10352.0
0.6936044871995739,3162,3167,0.0003634882336353007,0.000807937699093613,-0.0008773853915331475,0.0013160780873000544,11486.0,11504.0
0.6936044871995739,450,455,0.0003572211951243354,0.00048675568077495356,-0.00015667596277368911,0.0008460501989785429,3350.0,3368.0
0.6936044871995739,582,587,0.0003446871181024269,0.0003172446453062935,3.133519255482664e-05,0.0007833798138691117,3746.0,3764.0
0.6936044871995739,1788,1793,0.0003446871181024269,0.0002931138867212601,-3.133519255471562e-05,0.0007207094287595694,7364.0,7382.0
0.6936044871995739,5250,5255,0.0003384200795914616,0.00021641709209205555,0.00012534077021919554,0.0006893742362048538,17750.0,17768.0
0.6936044871995739,1920,1925,0.0003384200795914616,0.000150930273917088,9.40055776643689e-05,0.000501363080876116,7760.0,7778.0
0.6936044871995739,804,809,0.00033842007959143937,0.00044502593046459653,-0.000250681540437947,0.0006893742362046318,4412.0,4430.0
0.6936044871995739,4230,4235,0.00033215304108056285,0.00048219557074969944,-0.0002820167329926626,0.0009087205840880852,14690.0,14708.0
0.6936044871995739,2790,2795,0.0003321530410805407,0.00037966048270894723,-0.0003133519255476003,0.0006267038510953116,10370.0,10388.0
0.6936044871995739,2280,2285,0.0003321530410805407,0.0001861742960864144,3.133519255482664e-05,0.0005013630808763381,8840.0,8858.0
0.6936044871995739,1530,1535,0.0003321530410805407,0.0016344840136510966,-0.00125340770219029,0.0030708488703663495,6590.0,6608.0
0.6936044871995739,816,821,0.00033215304108051845,0.00020856154284829283,9.40055776643689e-05,0.0005953686585404849,4448.0,4466.0
0.6936044871995739,4440,4445,0.0003321530410804963,0.0001887929098661382,0.00018801115532851576,0.0005953686585404849,15320.0,15338.0
0.6936044871995739,888,893,0.00033215304108047405,0.0002816683490018916,-3.133519255471562e-05,0.0006267038510952005,4664.0,4682.0
0.6936044871995739,4062,4067,0.00032588600256955313,0.001008730417534605,-0.0012220725096355745,0.001253407702190401,14186.0,14204.0
0.6936044871995739,5490,5495,0.00032588600256955313,0.0002013758532643179,-3.133519255471562e-05,0.0004386926957666848,18470.0,18488.0
0.6936044871995739,4416,4421,0.00032588600256955313,0.000965459606517453,-0.0005640334659855473,0.0015354244351832858,15248.0,15266.0
0.6936044871995739,4920,4925,0.0003258860025695309,0.0008439004267740773,-0.000752044621314063,0.0015667596277380014,16760.0,16778.0
0.6936044871995739,3306,3311,0.0003196189640586322,0.0013919316857698449,-0.0016607652054020372,0.002099457901168944,11918.0,11936.0
0.6936044871995739,4950,4955,0.0003196189640586322,0.0006641286894614579,-0.0008147150064237163,0.0008147150064237163,16850.0,16868.0
0.6936044871995739,3606,3611,0.0003196189640585656,0.00012805324940748887,0.00018801115532851576,0.0004700278883214004,12818.0,12836.0
0.6936044871995739,4680,4685,0.00031335192554768907,0.0004939643020221998,-0.0001253407702189735,0.0011280669319714276,16040.0,16058.0
0.6936044871995739,3456,3461,0.0003070848870367016,0.00032519227434886543,-0.00015667596277368911,0.0006267038510952005,12368.0,12386.0
0.6936044871995739,846,851,0.0003070848870367016,0.0003025104098303978,1.1102230246251565e-16,0.0007520446213142851,4538.0,4556.0
0.6936044871995739,294,299,0.00030708488703663496,0.0002328101478520754,6.267038510954226e-05,0.0006267038510952005,2882.0,2900.0
0.6936044871995739,5304,5309,0.00030081784852575844,0.00017808757858407627,0.00012534077021908452,0.0005326982734309427,17912.0,17930.0
0.6936044871995739,624,629,0.00030081784852575844,0.0009908066983954147,-0.0006267038510950895,0.001598094820292717,3872.0,3890.0
0.6936044871995739,4032,4037,0.00030081784852571404,0.00021436569895014597,3.133519255471562e-05,0.0005640334659856583,14096.0,14114.0
0.6936044871995739,4026,4031,0.0002945508100148153,0.00047294346365999763,-0.00031335192554748925,0.0008773853915333696,14078.0,14096.0
0.6936044871995739,5190,5195,0.0002945508100147931,0.0006292836944832943,-0.00028201673299277363,0.001096731739416601,17570.0,17588.0
0.6936044871995739,3552,3557,0.0002945508100147265,0.0002512683883900019,6.267038510954226e-05,0.0006580390436498051,12656.0,12674.0
0.6936044871995739,4788,4793,0.00028828377150384997,0.00026625695843382214,-9.400557766414686e-05,0.0005326982734309427,16364.0,16382.0
0.6936044871995739,4908,4913,0.0002882837715038278,0.0003953701700395649,-0.0003446871181024269,0.0006267038510952005,16724.0,16742.0
0.6936044871995739,3570,3575,0.0002882837715038278,0.0004686680629397208,-0.0002820167329926626,0.0007833798138690007,12710.0,12728.0
0.6936044871995739,5760,5765,0.0002820167329929069,0.0004006740780417235,-6.267038510954226e-05,0.0009713909691976275,19280.0,19298.0
0.6936044871995739,954,959,0.0002820167329929069,0.0002467335529098384,-9.400557766414686e-05,0.0005326982734310537,4862.0,4880.0
0.6936044871995739,4332,4337,0.0002820167329929069,0.000301372231718663,-3.133519255471562e-05,0.0006893742362048538,14996.0,15014.0
0.6936044871995739,4914,4919,0.00028201673299288466,0.00048443032098957666,-0.0003760223106570315,0.0009400557766428008,16742.0,16760.0
0.6936044871995739,3438,3443,0.00028201673299288466,0.000592475492783185,-0.0005953686585403739,0.0008773853915332586,12314.0,12332.0
0.6936044871995739,3840,3845,0.00027574969448198596,0.0008196414306817669,-0.0009087205840879742,0.0009713909691976275,13520.0,13538.0
0.6936044871995739,3060,3065,0.00027574969448196374,0.000594708604392321,-0.0006267038510950895,0.0008460501989785429,11180.0,11198.0
0.6936044871995739,960,965,0.00027574969448191934,0.0005226499709727863,-0.0005953686585403739,0.000752044621314174,4880.0,4898.0
0.6936044871995739,4494,4499,0.00027574969448191934,0.0002909283210838149,9.40055776643689e-05,0.0007833798138690007,15482.0,15500.0
0.6936044871995739,2118,2123,0.00027574969448191934,0.0011398432031474684,-0.0008147150064236053,0.0019114467458402062,8354.0,8372.0
0.6936044871995739,2586,2591,0.0002694826559710206,0.0003583737901293466,-0.0001253407702189735,0.0006580390436500272,9758.0,9776.0
0.6936044871995739,2136,2141,0.0002694826559709762,0.0005089437241450668,-0.00015667596277380014,0.0011280669319713166,8408.0,8426.0
0.6936044871995739,2262,2267,0.0002694826559709318,0.0007147584209776974,-0.0007207094287594584,0.0010653965468618853,8786.0,8804.0
0.6936044871995739,5898,5903,0.00026321561746009967,0.0002532147256708789,-0.00018801115532840473,0.0004073575032120802,19694.0,19712.0
0.6936044871995739,1122,1127,0.0002632156174600775,0.00041724076748350967,-0.00018801115532840473,0.0007207094287594584,5366.0,5384.0
0.6936044871995739,4548,4553,0.0002632156174600553,0.0006017662461897337,-0.0007833798138688897,0.0007207094287595694,15644.0,15662.0
0.6936044871995739,1470,1475,0.00025694857894906773,0.00021641709209202584,3.133519255482664e-05,0.000501363080876227,6410.0,6428.0
0.6936044871995739,1902,1907,0.0002506815404381468,0.000648646054726429,-0.0003760223106570315,0.0011594021245261432,7706.0,7724.0
0.6936044871995739,1086,1091,0.0002444145019272037,0.00015254800795463342,9.40055776643689e-05,0.00047002788832151143,5258.0,5276.0
0.6936044871995739,1224,1229,0.0002444145019272037,0.00016787008724951125,0.0,0.0004073575032119692,5672.0,5690.0
0.6936044871995739,5610,5615,0.0002444145019272037,0.00023386216472340881,-0.00015667596277368911,0.0004386926957666848,18830.0,18848.0
0.6936044871995739,1458,1463,0.0002444145019272037,0.00032819781212115685,-9.400557766414686e-05,0.0006893742362048538,6374.0,6392.0
0.6936044871995739,1158,1163,0.00023814746341626057,0.0004527908217513608,-0.00040735750321174713,0.0007207094287595694,5474.0,5492.0
0.6936044871995739,3774,3779,0.00023814746341626057,0.0004495262454906921,-0.00021934634788312035,0.0007207094287595694,13322.0,13340.0
0.6936044871995739,1728,1733,0.00023814746341626057,0.00022661216095959402,2.220446049250313e-16,0.0005640334659856583,7184.0,7202.0
0.6936044871995739,510,515,0.00023814746341623838,0.0005166032023576204,-0.00043869269576646275,0.0008460501989784319,3530.0,3548.0
0.6936044871995739,3102,3107,0.00023814746341621618,0.000495254676154065,-0.00043869269576657377,0.0009087205840880852,11306.0,11324.0
0.6936044871995739,1704,1709,0.00023188042490531746,0.0004671992093425182,-0.00040735750321185815,0.0007207094287595694,7112.0,7130.0
0.6936044871995739,5820,5825,0.00023188042490529526,0.001798514489126394,-0.0022874690564972378,0.002506815404380802,19460.0,19478.0
0.6936044871995739,6,11,0.00023188042490527306,0.00026827756454115463,0.0,0.0005953686585404849,2018.0,2036.0
0.6936044871995739,774,779,0.00022561338639435214,0.0006659742126365602,-0.00043869269576657377,0.0011280669319714276,4322.0,4340.0
0.6936044871995739,3924,3929,0.00022561338639435214,0.00022855366187835005,-6.267038510943124e-05,0.000501363080876227,13772.0,13790.0
0.6936044871995739,4206,4211,0.00022561338639435214,0.0002616066363517755,6.267038510965328e-05,0.0006893742362046318,14618.0,14636.0
0.6936044871995739,2496,2501,0.00021934634788340902,0.0007176374825681738,-0.0005953686585402629,0.0009713909691976275,9488.0,9506.0
0.6936044871995739,3492,3497,0.0002193463478833646,0.0004535491751364501,-0.00040735750321174713,0.0007833798138690007,12476.0,12494.0
0.6936044871995739,3648,3653,0.0002193463478833424,0.000416298381712356,-0.000250681540437947,0.0008147150064238273,12944.0,12962.0
0.6936044871995739,3564,3569,0.0002193463478833424,0.00019693863143512109,-9.400557766425788e-05,0.0004386926957666848,12692.0,12710.0
0.6936044871995739,4152,4157,0.00021307930937246588,0.0006670790757740082,-0.0005640334659855473,0.001253407702190401,14456.0,14474.0
0.6936044871995739,1872,1877,0.00021307930937244368,0.00024109778537483817,-9.400557766414686e-05,0.000501363080876116,7616.0,7634.0
0.6936044871995739,5886,5891,0.00021307930937242148,0.00033117607471855266,-0.00018801115532851576,0.0005953686585404849,19658.0,19676.0
0.6936044871995739,2334,2339,0.00021307930937242148,0.0004505081023112781,-0.0001253407702189735,0.0007520446213142851,9002.0,9020.0
0.6936044871995739,2070,2075,0.00021307930937237708,0.00026900856743436306,-0.00018801115532851576,0.000501363080876116,8210.0,8228.0
0.6936044871995739,414,419,0.00020681227086150056,0.0013202866875703014,-0.0011594021245259212,0.0019114467458403173,3242.0,3260.0
0.6936044871995739,1434,1439,0.00020681227086147836,0.00027010136232269005,-9.400557766414686e-05,0.0005953686585404849,6302.0,6320.0
0.6936044871995739,3810,3815,0.00020054523235053524,0.00045818009529493956,-0.00028201673299277363,0.0007833798138690007,13430.0,13448.0
0.6936044871995739,1596,1601,0.00020054523235051301,0.001201940544483218,-0.0014414188575189169,0.0015354244351832858,6788.0,6806.0
0.6936044871995739,3726,3731,0.00019427819383961432,0.0012239591994758162,-0.0010653965468616633,0.0015040892426285701,13178.0,13196.0
0.6936044871995739,1218,1223,0.0001942781938395699,0.0007888132942095079,-0.0007207094287594584,0.001002726161752343,5654.0,5672.0
0.6936044871995739,4392,4397,0.0001942781938395699,0.0003296903064597269,-0.0001253407702189735,0.0007207094287594584,15176.0,15194.0
0.6936044871995739,3444,3449,0.0001942781938395255,0.0008394674107354421,-0.0009087205840879742,0.0011907373170808588,12332.0,12350.0
0.6936044871995739,3966,3971,0.0001942781938395033,0.000360967273595958,-0.0003133519255476003,0.0006580390436499162,13898.0,13916.0
0.6936044871995739,1662,1667,0.0001880111553286934,0.0006414153946811168,-0.0007833798138687786,0.000846050198978654,6986.0,7004.0
0.6936044871995739,1494,1499,0.00018801115532864898,0.0004934671058196856,-0.0004700278883212894,0.0009087205840880852,6482.0,6500.0
0.6936044871995739,5676,5681,0.00018801115532862678,0.0006786077093256087,-0.0007833798138688897,0.0008460501989785429,19028.0,19046.0
0.6936044871995739,3366,3371,0.00018174411681770586,0.0008262039167825841,-0.0006580390436498051,0.0013160780872999434,12098.0,12116.0
0.6936044871995739,4740,4745,0.00018174411681768366,0.0004723202126134457,-0.00018801115532851576,0.0009400557766428008,16220.0,16238.0
0.6936044871995739,1110,1115,0.00018174411681768366,0.00017642576079036638,3.133519255482664e-05,0.0004700278883214004,5330.0,5348.0
0.6936044871995739,4668,4673,0.00018174411681766146,0.0006138019550397949,-0.0008773853915331475,0.0007207094287595694,16004.0,16022.0
0.6936044871995739,306,311,0.00018174411681763923,0.0004876625858417115,-0.0003760223106569205,0.0008147150064237163,2918.0,2936.0
0.6936044871995739,1404,1409,0.00017547707830674054,0.00018082333903116391,-3.133519255471562e-05,0.00037602231065714253,6212.0,6230.0
0.6936044871995739,198,203,0.00017547707830671832,0.00010989676881994714,3.133519255482664e-05,0.0003133519255477113,2594.0,2612.0
0.6936044871995739,3576,3581,0.00017547707830671832,0.0005968511114998631,-0.0008460501989784319,0.0005953686585404849,12728.0,12746.0
0.6936044871995739,4158,4163,0.00017547707830669612,0.0007113157729843191,-0.0009087205840879742,0.0008773853915332586,14474.0,14492.0
0.6936044871995739,4020,4025,0.00016921003979581962,0.0005843824389148125,-0.0006580390436499162,0.0008773853915333696,14060.0,14078.0
0.6936044871995739,1950,1955,0.000169210039795753,0.002280440032333673,-0.002757496944818638,0.0031335192554758917,7850.0,7868.0
0.6936044871995739,2016,2021,0.0001692100397957308,0.0002589659826577951,-0.0002193463478833424,0.000501363080876116,8048.0,8066.0
0.6936044871995739,870,875,0.0001692100397957308,0.0009148051734931656,-0.0005326982734308316,0.0017234355905118015,4610.0,4628.0
0.6936044871995739,4050,4055,0.00016294300128480988,0.00235404265430029,-0.003258860025694865,0.003196189640585434,14150.0,14168.0
0.6936044871995739,3048,3053,0.00016294300128480988,0.00019618933779336258,-9.400557766425788e-05,0.00040735750321185815,11144.0,11162.0
0.6936044871995739,4962,4967,0.00015667596277393336,0.0004198214209561233,-0.00047002788832117837,0.0005640334659857693,16886.0,16904.0
0.6936044871995739,5322,5327,0.00015667596277384454,0.0002621690303431058,-9.400557766414686e-05,0.0004700278883214004,17966.0,17984.0
0.6936044871995739,606,611,0.000153542443518373,0.0005900259497564179,-0.0006580390436499162,0.0007833798138690007,3818.0,3836.0
0.6936044871995739,4176,4181,0.00015040892426294584,0.00012416014010687887,1.1102230246251565e-16,0.00025068154043816904,14528.0,14546.0
0.6936044871995739,1020,1025,0.00015040892426292362,0.00020476055842701333,-6.267038510943124e-05,0.0004700278883214004,5060.0,5078.0
0.6936044871995739,948,953,0.00015040892426292362,0.0005415642391747793,-0.0005640334659855473,0.0008460501989785429,4844.0,4862.0
0.6936044871995739,5052,5057,0.00015040892426290142,0.0007043102984783356,-0.00034468711810220487,0.00134741327985477,17156.0,17174.0
0.6936044871995739,4458,4463,0.00015040892426290142,0.00014427806139470062,-3.133519255471562e-05,0.0003446871181024269,15374.0,15392.0
0.6936044871995739,396,401,0.0001441418857519805,0.00018617429608634058,-6.267038510932021e-05,0.00040735750321185815,3188.0,3206.0
0.6936044871995739,744,749,0.0001441418857519583,0.0009241491522300764,-0.0011594021245259212,0.0013160780872999434,4232.0,4250.0
0.6936044871995739,1710,1715,0.0001441418857519361,0.00031538213618487513,-0.00028201673299277363,0.0004386926957666848,7130.0,7148.0
0.6936044871995739,2394,2399,0.00013787484724101518,0.0007715714545709341,-0.001002726161752232,0.001096731739416601,9182.0,9200.0
0.6936044871995739,138,143,0.00013787484724099298,0.00024533674842307267,-0.00015667596277380014,0.000501363080876227,2414.0,2432.0
0.6936044871995739,1374,1379,0.00013160780873007206,0.0006877343096503347,-0.001002726161752232,0.0006580390436500272,6122.0,6140.0
0.6936044871995739,2766,2771,0.00013160780873007206,9.75929025938907e-05,3.133519255482664e-05,0.00028201673299288466,10298.0,10316.0
0.6936044871995739,906,911,0.00012534077021917334,0.0008695163052994959,-0.00047002788832117837,0.0015354244351832858,4718.0,4736.0
0.6936044871995739,750,755,0.00012534077021917334,0.000931925695356955,-0.001253407702190179,0.0013160780873000544,4250.0,4268.0
0.6936044871995739,5028,5033,0.00012534077021912892,0.0003687714190436709,-0.0004700278883212894,0.00047002788832151143,17084.0,17102.0
0.6936044871995739,4170,4175,0.00012534077021908452,0.0001944297566193932,-0.0001253407702189735,0.0003446871181024269,14510.0,14528.0
0.6936044871995739,3216,3221,0.00012534077021906232,0.00038441525855874905,-0.000250681540437947,0.0006893742362047428,11648.0,11666.0
0.6936044871995739,3462,3467,0.0001190737317081636,0.0007906782506171203,-0.0006267038510950895,0.001347413279854659,12386.0,12404.0
0.6936044871995739,1650,1655,0.0001190737317081636,0.00031755400144543606,-0.0003446871181023159,0.0005013630808763381,6950.0,6968.0
0.6936044871995739,786,791,0.0001190737317081414,0.00043611113772334254,-0.0004700278883212894,0.000501363080876227,4358.0,4376.0
0.6936044871995739,2370,2375,0.00011280669319724268,0.00021550777255723797,-0.00012534077021886247,0.00037602231065725356,9110.0,9128.0
0.6936044871995739,144,149,0.00011280669319719827,0.0002719129276459582,-0.00034468711810220487,0.00037602231065714253,2432.0,2450.0
0.6936044871995739,2232,2237,0.00010653965468627735,0.0011688068827128792,-0.0009400557766425788,0.0015040892426284591,8696.0,8714.0
0.6936044871995739,810,815,0.00010653965468627735,0.00023511837160165234,-0.0001253407702189735,0.0005013630808763381,4430.0,4448.0
0.6936044871995739,5634,5639,0.00010653965468621074,0.00016372450697346578,-6.267038510954226e-05,0.0003446871181023159,18902.0,18920.0
0.6936044871995739,3210,3215,8.773853915344798e-05,0.0018274624120512009,-0.0022874690564973488,0.0026321561745998867,11630.0,11648.0
0.6936044871995739,5448,5453,8.773853915340357e-05,0.0002587763334323687,-0.00028201673299288466,0.0003446871181024269,18344.0,18362.0
0.6936044871995739,1260,1265,8.773853915338137e-05,0.0008516603277293569,-0.001002726161752121,0.00109673173941649,5780.0,5798.0
0.6936044871995739,1182,1187,8.773853915335916e-05,0.0002231188934781389,-0.00012534077021908452,0.0003446871181024269,5546.0,5564.0
0.6936044871995739,2388,2393,8.147150064248265e-05,0.00017105686164207323,-0.00018801115532851576,0.00025068154043816904,9164.0,9182.0
0.6936044871995739,4188,4193,8.147150064246045e-05,0.0008856281165388668,-0.0008460501989784319,0.0009713909691976275,14564.0,14582.0
0.6936044871995739,426,431,8.147150064246045e-05,0.0003290941209693153,-0.00028201673299277363,0.0005640334659857693,3278.0,3296.0
0.6936044871995739,2478,2483,8.147150064246045e-05,0.0003867072545727544,-0.0003133519255476003,0.0005326982734310537,9434.0,9452.0
0.6936044871995739,2502,2507,8.147150064241604e-05,0.00030589953590987805,-0.00040735750321174713,0.0003446871181024269,9506.0,9524.0
0.6936044871995739,2472,2477,8.147150064241604e-05,0.0006316198627496089,-0.0008147150064236053,0.0008460501989784319,9416.0,9434.0
0.6936044871995739,1464,1469,7.520446213149512e-05,0.0002834059863903041,-0.000250681540437947,0.0005326982734308316,6392.0,6410.0
0.6936044871995739,5712,5717,7.520446213149512e-05,0.0004356606095682591,-0.00043869269576657377,0.0007520446213142851,19136.0,19154.0
0.6936044871995739,1206,1211,7.520446213149512e-05,0.0006446982658511995,-0.0009400557766428008,0.0007207094287595694,5618.0,5636.0
0.6936044871995739,2316,2321,6.89374236205742e-05,0.00037497634949146334,-0.0004700278883212894,0.0005326982734309427,8948.0,8966.0
0.6936044871995739,2796,2801,6.893742362052979e-05,0.00043498394240925063,-0.0006580390436498051,0.0004700278883214004,10388.0,10406.0
0.6936044871995739,4140,4145,6.893742362052979e-05,0.0002520487268786105,-0.00015667596277380014,0.000501363080876227,14420.0,14438.0
0.6936044871995739,5172,5177,6.267038510963108e-05,0.00011724555468849129,-9.400557766414686e-05,0.00021934634788345342,17516.0,17534.0
0.6936044871995739,3594,3599,6.267038510960887e-05,0.00013477775933073166,-0.00015667596277368911,0.0001880111553287378,12782.0,12800.0
0.6936044871995739,2850,2855,6.267038510960887e-05,0.0008198211043744813,-0.00109673173941649,0.001096731739416712,10550.0,10568.0
0.6936044871995739,2958,2963,6.267038510958667e-05,0.0003323599071787717,-0.0002820167329926626,0.0005640334659856583,10874.0,10892.0
0.6936044871995739,4266,4271,6.267038510956446e-05,0.0010151345033638582,-0.0011594021245260322,0.0011280669319713166,14798.0,14816.0
0.6936044871995739,24,29,5.6403346598643546e-05,0.0004218047484213193,-0.0003760223106570315,0.000752044621314174,2072.0,2090.0
0.6936044871995739,114,119,5.640334659862134e-05,0.00026900856743439347,-0.00021934634788323137,0.00037602231065714253,2342.0,2360.0
0.6936044871995739,2568,2573,5.013630808772263e-05,0.0006001323407952439,-0.0009087205840878632,0.0007207094287595694,9704.0,9722.0
0.6936044871995739,5388,5393,5.0136308087678215e-05,0.0006773767067584944,-0.00109673173941649,0.0006893742362047428,18164.0,18182.0
0.6936044871995739,1506,1511,5.013630808765601e-05,0.0003691705944291753,-0.000501363080876116,0.000501363080876116,6518.0,6536.0
0.6936044871995739,3948,3953,5.013630808763381e-05,0.000279919925223289,-0.00028201673299277363,0.0004700278883214004,13844.0,13862.0
0.6936044871995739,3012,3017,4.38692695767795e-05,0.0001053347307616008,-3.133519255471562e-05,0.00021934634788345342,11036.0,11054.0
0.6936044871995739,5376,5381,4.3869269576757296e-05,0.0005831209081084839,-0.0006580390436498051,0.0006893742362047428,18128.0,18146.0
0.6936044871995739,1848,1853,4.3869269576757296e-05,0.00018748817474578688,-0.00018801115532851576,0.00021934634788345342,7544.0,7562.0
0.6936044871995739,3510,3515,3.760223106581417e-05,0.0004655148443844514,-0.00031335192554748925,0.0008460501989784319,12530.0,12548.0
0.6936044871995739,5472,5477,3.760223106579197e-05,0.0005301114472423804,-0.0006893742362046318,0.0007207094287594584,18416.0,18434.0
0.6936044871995739,1680,1685,3.7602231065769766e-05,0.00024613589304235743,-0.00031335192554748925,0.0003133519255476003,7040.0,7058.0
0.6936044871995739,996,1001,3.7602231065769766e-05,0.00018458529721460888,-0.00015667596277380014,0.00025068154043816904,4988.0,5006.0
0.6936044871995739,1590,1595,3.7602231065769766e-05,0.0012155066194143853,-0.0020681227086140064,0.0009400557766428008,6770.0,6788.0
0.6936044871995739,5646,5651,3.760223106574756e-05,0.0007170899810712863,-0.0007520446213142851,0.0008147150064237163,18938.0,18956.0
0.6936044871995739,2298,2303,3.1335192554848847e-05,0.00035933146182368965,-0.00040735750321174713,0.0005953686585404849,8894.0,8912.0
0.6936044871995739,1668,1673,3.133519255482664e-05,0.00047522172431620067,-0.0007207094287593474,0.0005326982734310537,7004.0,7022.0
0.6936044871995739,3144,3149,3.133519255482664e-05,0.0005679368583459308,-0.0007207094287594584,0.0006893742362048538,11432.0,11450.0
0.6936044871995739,5292,5297,3.133519255482664e-05,0.0001716299180600595,-0.00018801115532840473,0.0002193463478833424,17876.0,17894.0
0.6936044871995739,96,101,2.506815404390572e-05,0.00033559391434181984,-0.00047002788832117837,0.0004386926957666848,2288.0,2306.0
0.6936044871995739,4536,4541,2.5068154043883516e-05,0.0002671773101531748,-0.0003446871181023159,0.0003133519255477113,15608.0,15626.0
0.6936044871995739,5874,5879,2.5068154043883516e-05,0.0005073979537589359,-0.0006580390436498051,0.0006580390436500272,19622.0,19640.0
0.6936044871995739,2340,2345,2.5068154043861313e-05,0.00017642576079039988,-0.00018801115532851576,0.0002193463478833424,9020.0,9038.0
0.6936044871995739,2844,2849,1.8801115532962596e-05,0.00025801634255930006,-0.000250681540437947,0.0003133519255476003,10532.0,10550.0
0.6936044871995739,4638,4643,1.8801115532918188e-05,0.00042769955188458076,-0.000501363080876005,0.0006580390436500272,15914.0,15932.0
0.6936044871995739,5268,5273,1.8801115532918188e-05,0.0006118793130256964,-0.0007207094287593474,0.0009400557766428008,17804.0,17822.0
0.6936044871995739,3474,3479,6.267038511054146e-06,0.000607369480358642,-0.0008147150064236053,0.0005326982734309427,12422.0,12440.0
0.6936044871995739,1164,1169,6.2670385109875324e-06,0.00013550432933565399,-0.00018801115532851576,0.00015667596277391116,5492.0,5510.0
0.6936044871995739,2556,2561,4.4408920985006264e-17,0.0006383464038937804,-0.0006267038510950895,0.0007207094287594584,9668.0,9686.0
0.6936044871995739,270,275,4.4408920985006264e-17,0.0003156933174507101,-0.00034468711810220487,0.00037602231065714253,2810.0,2828.0
0.6936044871995739,1842,1847,-6.267038510854306e-06,0.000284098065531717,-0.00043869269576646275,0.00025068154043816904,7526.0,7544.0
0.6936044871995739,492,497,-6.267038510854306e-06,0.00018190612319369246,-0.00031335192554748925,0.00015667596277391116,3476.0,3494.0
0.6936044871995739,2328,2333,-6.26703851087651e-06,0.00024109778537492908,-0.0003133519255476003,0.0001880111553287378,8984.0,9002.0
0.6936044871995739,4380,4385,-6.267038510898715e-06,0.00018458529721458722,-0.00028201673299277363,0.00018801115532851576,15140.0,15158.0
0.6936044871995739,60,65,-1.253407702179743e-05,0.0005407477418258573,-0.0006893742362046318,0.0005326982734310537,2180.0,2198.0
0.6936044871995739,1542,1547,-1.2534077021819634e-05,0.00040469737827128716,-0.00040735750321185815,0.00047002788832151143,6626.0,6644.0
0.6936044871995739,864,869,-1.2534077021841838e-05,0.00019643941990607684,-0.0003133519255476003,0.00018801115532851576,4592.0,4610.0
0.6936044871995739,1476,1481,-1.2534077021841838e-05,0.00034724144210063825,-0.0005640334659856583,0.00037602231065725356,6428.0,6446.0
0.6936044871995739,2214,2219,-1.8801115532784964e-05,0.0005868973656349548,-0.0006267038510950895,0.0008773853915332586,8642.0,8660.0
0.6936044871995739,5442,5447,-1.8801115532829372e-05,0.00027550032451143213,-0.00028201673299277363,0.00037602231065714253,18326.0,18344.0
0.6936044871995739,2916,2921,-2.5068154043705883e-05,0.0045839649035692405,-0.007301099865258398,0.0051703067715351825,10748.0,10766.0
0.6936044871995739,2004,2009,-2.5068154043728085e-05,0.0007772138500511955,-0.0011907373170807478,0.0008460501989785429,8012.0,8030.0
0.6936044871995739,240,245,-2.5068154043728085e-05,0.0005859764791078326,-0.0007207094287593474,0.0008773853915333696,2720.0,2738.0
0.6936044871995739,2814,2819,-2.5068154043728085e-05,0.0024727418259709007,-0.003039513677811412,0.003352865603359234,10442.0,10460.0
0.6936044871995739,726,731,-3.133519255469341e-05,0.0002497003956147756,-0.00040735750321174713,0.00018801115532862678,4178.0,4196.0
0.6936044871995739,3342,3347,-3.133519255471562e-05,0.0010596207450826295,-0.001598094820292606,0.0012220725096355745,12026.0,12044.0
0.6936044871995739,1410,1415,-3.760223106563654e-05,0.0002662569584338659,-0.00028201673299277363,0.00028201673299288466,6230.0,6248.0
0.6936044871995739,1242,1247,-3.760223106568095e-05,0.0004774891147507144,-0.0007207094287593474,0.0005640334659856583,5726.0,5744.0
0.6936044871995739,2670,2675,-4.386926957657966e-05,0.0003815952352550895,-0.00040735750321174713,0.0004700278883214004,10010.0,10028.0
0.6936044871995739,5280,5285,-4.386926957657966e-05,0.0004902731104090993,-0.0005326982734308316,0.0005326982734309427,17840.0,17858.0
0.6936044871995739,486,491,-4.386926957662407e-05,0.00020137585326431272,-0.000250681540437947,0.0002193463478833424,3458.0,3476.0
0.6936044871995739,4866,4871,-5.013630808750058e-05,0.00031225326778054694,-0.00040735750321174713,0.00037602231065714253,16598.0,16616.0
0.6936044871995739,3132,3137,-5.013630808750058e-05,0.00034935577932926055,-0.000501363080876005,0.00037602231065725356,11396.0,11414.0
0.6936044871995739,3312,3317,-5.013630808752279e-05,0.00012054889268740286,-0.00021934634788312035,9.40055776643689e-05,11936.0,11954.0
0.6936044871995739,2538,2543,-5.013630808752279e-05,0.0001989229498712859,-0.0003446871181023159,0.00018801115532862678,9614.0,9632.0
0.6936044871995739,852,857,-5.640334659844371e-05,0.0008794533155079906,-0.0010340613543069477,0.00134741327985477,4556.0,4574.0
0.6936044871995739,3816,3821,-5.640334659848811e-05,0.00033265520702141754,-0.00037602231065714253,0.00037602231065725356,13448.0,13466.0
0.6936044871995739,4104,4109,-5.640334659848811e-05,0.0007293093570062361,-0.000752044621314063,0.0007833798138691117,14312.0,14330.0
0.6936044871995739,1908,1913,-6.267038510943124e-05,0.002445550681395666,-0.0019114467458400952,0.0040735750321185815,7724.0,7742.0
0.6936044871995739,3018,3023,-6.267038510943124e-05,0.0002621690303431324,-0.0003760223106569205,0.0003133519255477113,11054.0,11072.0
0.6936044871995739,2046,2051,-6.267038510945344e-05,0.0006059937832799446,-0.0006267038510950895,0.0009713909691975164,8138.0,8156.0
0.6936044871995739,3756,3761,-6.893742362037436e-05,0.00011166941172066128,-0.000250681540437947,3.133519255493766e-05,13268.0,13286.0
0.6936044871995739,3408,3413,-6.893742362037436e-05,0.00030813824507729045,-0.00043869269576657377,0.0003133519255477113,12224.0,12242.0
0.6936044871995739,3804,3809,-6.893742362039657e-05,0.00012216707103451875,-0.00018801115532840473,0.00012534077021919554,13412.0,13430.0
0.6936044871995739,4524,4529,-6.893742362041877e-05,0.0007416584002268222,-0.000752044621314174,0.001002726161752343,15572.0,15590.0
0.6936044871995739,636,641,-7.520446213133969e-05,0.000530204051216736,-0.0009713909691974054,0.0004386926957666848,3908.0,3926.0
0.6936044871995739,1512,1517,-7.52044621313619e-05,0.00010989676881993607,-0.00021934634788323137,6.267038510965328e-05,6536.0,6554.0
0.6936044871995739,4218,4223,-8.147150064228282e-05,0.00033792648048236055,-0.0005326982734308316,0.00040735750321185815,14654.0,14672.0
0.6936044871995739,5184,5189,-8.147150064228282e-05,0.0003737961447296729,-0.00043869269576646275,0.0005326982734310537,17552.0,17570.0
0.6936044871995739,228,233,-8.147150064230502e-05,0.00028340598639034394,-0.00031335192554748925,0.0003133519255476003,2684.0,2702.0
0.6936044871995739,4974,4979,-8.773853915322594e-05,7.481174685123842e-05,-0.00018801115532840473,2.220446049250313e-16,16922.0,16940.0
0.6936044871995739,1008,1013,-9.400557766419127e-05,0.0001956882147838452,-0.00034468711810220487,0.00018801115532851576,5024.0,5042.0
0.6936044871995739,168,173,-0.0001002726161751566,0.000437235427131422,-0.0006580390436499162,0.00037602231065714253,2504.0,2522.0
0.6936044871995739,1302,1307,-0.0001002726161751788,0.0006801974644171364,-0.0012847428947450057,0.0004386926957667958,5906.0,5924.0
0.6936044871995739,2322,2327,-0.00010027261617522321,0.00020714434720696027,-0.0003446871181023159,0.00018801115532862678,8966.0,8984.0
0.6936044871995739,1002,1007,-0.00010653965468607752,0.0006170726104840825,-0.0006893742362045208,0.0008147150064237163,5006.0,5024.0
0.6936044871995739,5742,5747,-0.00011280669319704283,0.0004538737958448993,-0.0005953686585402629,0.0004700278883214004,19226.0,19244.0
0.6936044871995739,924,929,-0.00011280669319706505,0.0008969202828563862,-0.0010340613543069477,0.0011594021245261432,4772.0,4790.0
0.6936044871995739,5160,5165,-0.00011280669319706505,0.0005519798899827228,-0.0009087205840879742,0.000501363080876227,17480.0,17498.0
0.6936044871995739,1968,1973,-0.00011280669319708725,0.0005699216015738422,-0.0009087205840879742,0.0006580390436501382,7904.0,7922.0
0.6936044871995739,1392,1397,-0.00011907373170796375,0.003075992487124569,-0.004010904647008928,0.004543602920440093,6176.0,6194.0
0.6936044871995739,2574,2579,-0.00011907373170800817,0.0005624645242372586,-0.0008147150064237163,0.0006267038510953116,9722.0,9740.0
0.6936044871995739,5970,5975,-0.00011907373170803038,0.00048412618975463836,-0.0007207094287593474,0.000501363080876227,19910.0,19928.0
0.6936044871995739,3084,3089,-0.00011907373170803038,0.0014503151220590274,-0.0019427819383949219,0.0015040892426285701,11252.0,11270.0
0.6936044871995739,1176,1181,-0.0001253407702189291,0.0006112370884319971,-0.0010653965468616633,0.0005640334659856583,5528.0,5546.0
0.6936044871995739,798,803,-0.0001253407702189291,0.0002066697890871125,-0.00031335192554748925,0.00021934634788345342,4394.0,4412.0
0.6936044871995739,2346,2351,-0.0001253407702189735,0.0005422889825424495,-0.0006267038510950895,0.0006893742362047428,9038.0,9056.0
0.6936044871995739,5940,5945,-0.0001253407702189957,0.0005172680105041263,-0.0006267038510950895,0.0006580390436499162,19820.0,19838.0
0.6936044871995739,4650,4655,-0.0001253407702189957,0.00019941594430727489,-0.00043869269576657377,6.267038510943124e-05,15950.0,15968.0
0.6936044871995739,2760,2765,-0.0001253407702189957,0.0004279290660153062,-0.0006893742362045208,0.0003446871181023159,10280.0,10298.0
0.6936044871995739,4860,4865,-0.00013160780872991661,0.0007987094101115158,-0.0011280669319713166,0.0007207094287594584,16580.0,16598.0
0.6936044871995739,5154,5159,-0.00013160780872993881,0.0004926705482288926,-0.0006893742362047428,0.0006580390436500272,17462.0,17480.0
0.6936044871995739,5700,5705,-0.00013160780872993881,0.001728612365675146,-0.0024754802118259756,0.0016607652054022592,19100.0,19118.0
0.6936044871995739,3930,3935,-0.00013787484724083753,0.0013939054580163143,-0.001253407702190179,0.0015667596277380014,13790.0,13808.0
0.6936044871995739,5178,5183,-0.00013787484724090416,0.0003671703778255074,-0.00043869269576657377,0.0003760223106570315,17534.0,17552.0
0.6936044871995739,1416,1421,-0.0001504089242627238,0.0008822401065583705,-0.001504089242628237,0.0005953686585404849,6248.0,6266.0
0.6936044871995739,4320,4325,-0.000150408924262746,0.0006994138520900785,-0.001096731739416379,0.0005326982734309427,14960.0,14978.0
0.6936044871995739,4038,4043,-0.0001504089242627682,0.0001872261366375966,-0.00040735750321174713,6.267038510965328e-05,14114.0,14132.0
0.6936044871995739,570,575,-0.0001504089242627904,0.0002578259948074402,-0.00043869269576657377,0.0002193463478833424,3710.0,3728.0
0.6936044871995739,4998,5003,-0.00015667596277371131,0.00035520897592690464,-0.0004700278883214004,0.0004386926957666848,16994.0,17012.0
0.6936044871995739,2892,2897,-0.0001566759627737335,0.0008549972518811882,-0.001002726161752232,0.0009713909691976275,10676.0,10694.0
0.6936044871995739,3294,3299,-0.00016294300128461003,0.00027974448181824156,-0.0005326982734307206,0.00015667596277391116,11882.0,11900.0
0.6936044871995739,2970,2975,-0.00016294300128463223,0.0005198243061655795,-0.0009087205840878632,0.00047002788832151143,10910.0,10928.0
0.6936044871995739,2052,2057,-0.00016921003979559758,0.0009307659932674297,-0.0010340613543068367,0.001347413279854659,8156.0,8174.0
0.6936044871995739,600,605,-0.00016921003979559758,0.0005375606851939645,-0.0008460501989783209,0.0004073575032119692,3800.0,3818.0
0.6936044871995739,642,647,-0.00016921003979561978,0.00039362789452426837,-0.0006267038510950895,0.0003133519255476003,3926.0,3944.0
0.6936044871995739,2250,2255,-0.00016921003979564198,0.0006393454417952369,-0.0009087205840879742,0.000501363080876227,8750.0,8768.0
0.6936044871995739,3654,3659,-0.00016921003979566417,0.00032154854842521665,-0.0006893742362047428,0.00015667596277391116,12962.0,12980.0
0.6936044871995739,1866,1871,-0.0001754770783066073,0.000236160106306714,-0.0004700278883212894,0.00015667596277380014,7598.0,7616.0
0.6936044871995739,5808,5813,-0.0001754770783066073,0.000509425815495148,-0.0006893742362046318,0.0005326982734309427,19424.0,19442.0
0.6936044871995739,4830,4835,-0.000181744116817506,0.0006093869225724154,-0.0010653965468617743,0.0005953686585404849,16490.0,16508.0
0.6936044871995739,5856,5861,-0.00018801115532853795,0.0005110615244664982,-0.001002726161752232,0.0003446871181023159,19568.0,19586.0
0.6936044871995739,5412,5417,-0.00019427819383943667,0.0004871589581273054,-0.0008773853915331475,0.00047002788832151143,18236.0,18254.0
0.6936044871995739,324,329,-0.0002005452323503576,0.00048372038399192564,-0.0009400557766425788,0.00018801115532862678,2972.0,2990.0
0.6936044871995739,1032,1037,-0.00020367875160582917,0.0005193991305816373,-0.0008773853915331475,0.0005326982734310537,5096.0,5114.0
0.6936044871995739,5628,5633,-0.0002068122708612785,0.00021777395235665178,-0.00047002788832117837,3.133519255493766e-05,18884.0,18902.0
0.6936044871995739,4326,4331,-0.0002068122708613229,0.0022761302368760204,-0.002945508100147265,0.0019427819383950329,14978.0,14996.0
0.6936044871995739,2238,2243,-0.0002068122708613229,0.0002927787077817647,-0.0005640334659855473,9.40055776643689e-05,8714.0,8732.0
0.6936044871995739,4794,4799,-0.00020681227086134514,0.0002561064988149601,-0.0005326982734308316,9.40055776643689e-05,16382.0,16400.0
0.6936044871995739,5958,5963,-0.00020681227086136734,0.0005564092652063754,-0.0011907373170807478,0.00012534077021908452,19874.0,19892.0
0.6936044871995739,3396,3401,-0.00020681227086136734,0.00048270437702271305,-0.0008773853915331475,0.0004700278883214004,12188.0,12206.0
0.6936044871995739,2688,2693,-0.00021307930937233265,0.0003703655392371242,-0.0005953686585404849,0.00037602231065714253,10064.0,10082.0
0.6936044871995739,1092,1097,-0.00021934634788320917,0.0007575732399797821,-0.0011280669319713166,0.0005640334659857693,5276.0,5294.0
0.6936044871995739,4776,4781,-0.00021934634788323137,0.0006911523517097349,-0.0010340613543069477,0.00047002788832151143,16328.0,16346.0
0.6936044871995739,3846,3851,-0.0002256133863941745,0.0007225463274367445,-0.0011907373170807478,0.0004073575032119692,13538.0,13556.0
0.6936044871995739,2646,2651,-0.0002256133863941967,0.001122263698476296,-0.0018174411681759484,0.0009400557766428008,9938.0,9956.0
0.6936044871995739,588,593,-0.00022561338639421892,0.00042930357404950034,-0.0006267038510950895,0.0003133519255476003,3764.0,3782.0
0.6936044871995739,5460,5465,-0.0002318804249050954,0.00041841576493089434,-0.000752044621314063,0.00015667596277391116,18380.0,18398.0
0.6936044871995739,5166,5171,-0.0002318804249051176,0.00019518580518786873,-0.000501363080876005,2.220446049250313e-16,17498.0,17516.0
0.6936044871995739,4752,4757,-0.00023188042490518423,0.000528348887896836,-0.001096731739416601,0.0003133519255477113,16256.0,16274.0
0.6936044871995739,3990,3995,-0.00023814746341606076,0.0004592503609328651,-0.0008460501989784319,0.0002820167329929957,13970.0,13988.0
0.6936044871995739,5682,5687,-0.00023814746341608295,0.0005818566421676436,-0.001002726161752121,0.00037602231065725356,19046.0,19064.0
0.6936044871995739,5694,5699,-0.00023814746341608295,0.0007270169857867894,-0.0011594021245260322,0.0005953686585404849,19082.0,19100.0
0.6936044871995739,2832,2837,-0.00023814746341610515,0.0011727904863424378,-0.002099457901168833,0.0009713909691975164,10496.0,10514.0
0.6936044871995739,3468,3473,-0.00023814746341610515,0.000589817893771363,-0.0006893742362047428,0.0004073575032119692,12404.0,12422.0
0.6936044871995739,714,719,-0.00023814746341617178,0.0019231743084747585,-0.0014414188575189169,0.0031335192554758917,4142.0,4160.0
0.6936044871995739,4800,4805,-0.00024441450192700385,0.0005620279298034908,-0.001002726161752232,0.0005640334659857693,16400.0,16418.0
0.6936044871995739,5952,5957,-0.00025694857894893454,0.0004428140582693778,-0.0007833798138687786,0.0004386926957666848,19856.0,19874.0
0.6936044871995739,3738,3743,-0.00025694857894893454,0.0002481224942165061,-0.0005326982734308316,3.133519255482664e-05,13214.0,13232.0
0.6936044871995739,5040,5045,-0.00025694857894897893,0.00011166941172067064,-0.00040735750321185815,-0.00015667596277380014,17120.0,17138.0
0.6936044871995739,1656,1661,-0.00026321561745987763,0.0009935282241555219,-0.0013787484724091525,0.0008460501989785429,6968.0,6986.0
0.6936044871995739,3450,3455,-0.00026321561745989985,0.0005021458496288806,-0.001096731739416379,0.0001253407702189735,12350.0,12368.0
0.6936044871995739,4098,4103,-0.00026948265597082077,0.00024832028021385094,-0.0006267038510950895,1.1102230246251565e-16,14294.0,14312.0
0.6936044871995739,5622,5627,-0.000269482655970843,0.0003854356060961727,-0.0007207094287593474,0.00028201673299288466,18866.0,18884.0
0.6936044871995739,3834,3839,-0.000269482655970843,0.0005352725983412956,-0.0008460501989784319,0.0003133519255476003,13502.0,13520.0
0.6936044871995739,930,935,-0.0002694826559708874,0.0007088959718271108,-0.0010653965468616633,0.0008773853915332586,4790.0,4808.0
0.6936044871995739,4284,4289,-0.00026948265597090957,0.0010208253585067876,-0.0012220725096354634,0.001002726161752232,14852.0,14870.0
0.6936044871995739,4956,4961,-0.0002757496944817861,0.000651063565289894,-0.0009713909691974054,0.0005640334659857693,16868.0,16886.0
0.6936044871995739,1896,1901,-0.0002757496944817861,0.000426435016105185,-0.0009087205840879742,0.00015667596277391116,7688.0,7706.0
0.6936044871995739,690,695,-0.0002757496944818527,0.00028496080078685383,-0.000501363080876116,0.00015667596277380014,4070.0,4088.0
0.6936044871995739,5916,5921,-0.0002820167329927514,0.00024673355290987013,-0.0006267038510950895,-6.267038510932021e-05,19748.0,19766.0
0.6936044871995739,4992,4997,-0.0002820167329927514,0.000605588571744696,-0.0009400557766426898,0.0003133519255476003,16976.0,16994.0
0.6936044871995739,3090,3095,-0.00028828377150369455,0.0020257178053670662,-0.003258860025694865,0.002256133863942744,11270.0,11288.0
0.6936044871995739,4476,4481,-0.00028828377150369455,0.0010372374734026522,-0.0013160780872998323,0.0012847428947452277,15428.0,15446.0
0.6936044871995739,5706,5711,-0.00029455081001459325,0.0004912734646637254,-0.000752044621314063,0.0005013630808763381,19118.0,19136.0
0.6936044871995739,5790,5795,-0.0002945508100146377,0.0004242419401767424,-0.0008460501989783209,0.0003446871181024269,19370.0,19388.0
0.6936044871995739,2274,2279,-0.0002945508100146377,0.000533895039400465,-0.0009087205840879742,0.0004386926957666848,8822.0,8840.0
0.6936044871995739,1554,1559,-0.00029455081001465987,0.001368131970858629,-0.00219346347883298,0.001598094820292717,6662.0,6680.0
0.6936044871995739,4272,4277,-0.00029455081001470427,0.0007610001666776045,-0.00109673173941649,0.0006267038510952005,14816.0,14834.0
0.6936044871995739,2064,2069,-0.0003008178485255808,0.0007779083830587443,-0.0012220725096354634,0.0007833798138690007,8192.0,8210.0
0.6936044871995739,474,479,-0.00030708488703656833,0.0008136296036684532,-0.0011280669319713166,0.0006267038510953116,3422.0,3440.0
0.6936044871995739,5004,5009,-0.000313351925547467,0.0010044383432973932,-0.0016921003979568638,0.0009087205840880852,17012.0,17030.0
0.6936044871995739,1488,1493,-0.000313351925547467,0.0005018524544244897,-0.0009087205840880852,0.0004073575032119692,6464.0,6482.0
0.6936044871995739,4518,4523,-0.0003133519255475559,0.0009696204334764208,-0.0014727540500737435,0.0007520446213142851,15554.0,15572.0
0.6936044871995739,4566,4571,-0.0003196189640584324,0.0007102106011799998,-0.0010340613543069477,0.0006893742362048538,15698.0,15716.0
0.6936044871995739,5502,5507,-0.0003196189640584324,0.00034639209364052047,-0.0008460501989784319,6.267038510965328e-05,18506.0,18524.0
0.6936044871995739,2886,2891,-0.0003196189640584768,0.0007538051651702045,-0.0011594021245260322,0.0006267038510953116,10658.0,10676.0
0.6936044871995739,5400,5405,-0.0003258860025693533,0.0002013758532643205,-0.0005640334659855473,-9.400557766414686e-05,18200.0,18218.0
0.6936044871995739,2658,2663,-0.0003258860025693755,0.0010560471283790572,-0.001504089242628348,0.0007833798138690007,9974.0,9992.0
0.6936044871995739,5100,5105,-0.0003258860025694421,0.0005952037136256148,-0.0012220725096355745,0.00028201673299288466,17300.0,17318.0
0.6936044871995739,768,773,-0.00033215304108038526,0.0008688384959420403,-0.0014414188575189169,0.0009400557766428008,4304.0,4322.0
0.6936044871995739,402,407,-0.00033842007959128395,0.0009842942133094145,-0.0019741171309497485,0.0005013630808763381,3206.0,3224.0
0.6936044871995739,2940,2945,-0.00033842007959128395,0.0003840319293041712,-0.0007207094287593474,0.0002820167329929957,10820.0,10838.0
0.6936044871995739,3888,3893,-0.00033842007959132835,0.0010106267575124334,-0.0016607652054021482,0.0009713909691976275,13664.0,13682.0
0.6936044871995739,2292,2297,-0.0003384200795913506,0.000372348592172819,-0.0007207094287594584,9.40055776643689e-05,8876.0,8894.0
0.6936044871995739,4122,4127,-0.0003509541566131924,0.00036903758394224353,-0.0006893742362045208,0.00028201673299288466,14366.0,14384.0
0.6936044871995739,3978,3983,-0.0003572211951241355,0.0006642026088438753,-0.001002726161752232,0.0007207094287595694,13934.0,13952.0
0.6936044871995739,132,137,-0.00035722119512415773,0.0015434928317799488,-0.0019114467458400952,0.0019741171309497485,2396.0,2414.0
0.6936044871995739,5862,5867,-0.00036348823363518967,0.0006257630892171485,-0.0009087205840879742,0.0006580390436499162,19586.0,19604.0
0.6936044871995739,1740,1745,-0.0003760223106570315,0.0013164510724532233,-0.0023814746341616067,0.0007833798138690007,7220.0,7238.0
0.6936044871995739,4926,4931,-0.00038228934916795243,0.00031051895194656267,-0.000752044621314063,-6.267038510943124e-05,16778.0,16796.0
0.6936044871995739,390,395,-0.00038228934916801905,0.0012329512332454652,-0.002444145019271149,0.0006267038510952005,3170.0,3188.0
0.6936044871995739,732,737,-0.00038855638767887335,0.0004016531242858091,-0.00109673173941649,-0.00012534077021886247,4196.0,4214.0
0.6936044871995739,1104,1109,-0.00038855638767894,0.0006351080028908266,-0.0013787484724093746,0.00037602231065725356,5312.0,5330.0
0.6936044871995739,2808,2813,-0.00039482342618983867,0.00039673373322505757,-0.0007833798138687786,0.00018801115532851576,10424.0,10442.0
0.6936044871995739,708,713,-0.0004010904647007596,0.00013183144153143273,-0.0005640334659855473,-0.000250681540437947,4124.0,4142.0
0.6936044871995739,4890,4895,-0.00040109046470084844,0.00035686368508151427,-0.0008773853915331475,-6.267038510943124e-05,16670.0,16688.0
0.6936044871995739,3720,3725,-0.0004136245417227347,0.0012677012220719587,-0.001504089242628348,0.0015040892426284591,13160.0,13178.0
0.6936044871995739,990,995,-0.0004136245417227347,0.00031832607650049606,-0.0008773853915331475,-9.400557766425788e-05,4970.0,4988.0
0.6936044871995739,4854,4859,-0.00041989158023363337,0.00042308312364422684,-0.00109673173941649,2.220446049250313e-16,16562.0,16580.0
0.6936044871995739,5430,5435,-0.00041989158023363337,0.00035768816908781883,-0.0009400557766425788,-3.133519255471562e-05,18290.0,18308.0
0.6936044871995739,4128,4133,-0.00041989158023367776,0.0005939651667185624,-0.001253407702190179,0.00028201673299288466,14384.0,14402.0
0.6936044871995739,5616,5621,-0.0004261586187445765,0.0001411823435724035,-0.0005326982734307206,-0.00018801115532851576,18848.0,18866.0
0.6936044871995739,5364,5369,-0.0004261586187446209,0.0004522483622038114,-0.0011280669319712056,0.00012534077021908452,18092.0,18110.0
0.6936044871995739,4116,4121,-0.0004261586187446653,0.00023090443928100012,-0.0006267038510950895,-6.267038510954226e-05,14348.0,14366.0
0.6936044871995739,2964,2969,-0.0004324256572555862,0.0004941630404337731,-0.0012847428947450057,0.0,10892.0,10910.0
0.6936044871995739,858,863,-0.00043869269576650715,0.0010465672855679668,-0.0017861059756211217,0.000846050198978654,4574.0,4592.0
0.6936044871995739,4338,4343,-0.00044495973427747246,0.0001819061231936332,-0.0007207094287592364,-0.00021934634788323137,15014.0,15032.0
0.6936044871995739,5220,5225,-0.0004449597342775169,0.0004505081023113202,-0.0011594021245260322,0.0,17660.0,17678.0
0.6936044871995739,3324,3329,-0.0004449597342775613,0.00043947537738053436,-0.0011594021245261432,3.133519255493766e-05,11972.0,11990.0
0.6936044871995739,780,785,-0.00045122677278848223,0.0011501765865333542,-0.0021621282862782643,0.0006580390436499162,4340.0,4358.0
0.6936044871995739,4146,4151,-0.00045749381129935875,0.0002050001846745247,-0.0007207094287592364,-0.00021934634788312035,14438.0,14456.0
0.6936044871995739,5130,5135,-0.0004574938112993809,0.00042250252350281646,-0.0009087205840878632,0.00012534077021908452,17390.0,17408.0
0.6936044871995739,1500,1505,-0.00045749381129940315,0.0002580163425592751,-0.0007833798138687786,-0.000250681540437947,6500.0,6518.0
0.6936044871995739,4980,4985,-0.00046376084981036847,0.0018359053727444053,-0.003258860025694865,0.0017861059756212327,16940.0,16958.0
0.6936044871995739,3138,3143,-0.0004700278883212894,0.0009721487830970698,-0.0016607652054021482,0.0007207094287594584,11414.0,11432.0
0.6936044871995739,5016,5021,-0.0004700278883213116,0.0007298476920910952,-0.0015354244351830637,0.0004700278883214004,17048.0,17066.0
0.6936044871995739,2268,2273,-0.0004700278883213338,0.001924501304519673,-0.0029141729075924383,0.0020367875160592908,8804.0,8822.0
0.6936044871995739,4674,4679,-0.00047629492683223253,0.0005655112474999256,-0.001002726161752121,0.0004073575032119692,16022.0,16040.0
0.6936044871995739,2358,2363,-0.00047629492683223253,0.0003392315007106635,-0.0008460501989783209,6.267038510965328e-05,9074.0,9092.0
0.6936044871995739,3588,3593,-0.0004825619653431756,0.0002781605116557439,-0.0008773853915331475,-0.00018801115532840473,12764.0,12782.0
0.6936044871995739,1758,1763,-0.00048256196534319785,0.0006708219989140368,-0.0013160780872998323,0.0002193463478833424,7274.0,7292.0
0.6936044871995739,3534,3539,-0.0004888290038541187,0.0013019385995682495,-0.001598094820292606,0.0014414188575190279,12602.0,12620.0
0.6936044871995739,3798,3803,-0.0004888290038541854,0.0006454593312393193,-0.0010653965468617743,0.0004700278883214004,13394.0,13412.0
0.6936044871995739,3996,4001,-0.0005013630808760495,0.0009186610606503982,-0.0014100836649639792,0.001002726161752232,13988.0,14006.0
0.6936044871995739,5046,5051,-0.0005013630808760716,0.00024170790305738624,-0.0008460501989784319,-0.00018801115532851576,17138.0,17156.0
0.6936044871995739,3498,3503,-0.0005076301193869925,0.0005646424326567808,-0.0011594021245260322,0.00034468711810253794,12494.0,12512.0
0.6936044871995739,4944,4949,-0.0005076301193870592,0.00040759847188321556,-0.0011280669319713166,-9.400557766414686e-05,16832.0,16850.0
0.6936044871995739,4542,4547,-0.0005138971578979579,0.0005947911512182081,-0.0008773853915331475,0.0005326982734309427,15626.0,15644.0
0.6936044871995739,3864,3869,-0.000520164196408901,0.000576346110539228,-0.0011594021245259212,9.40055776643689e-05,13592.0,13610.0
0.6936044871995739,480,485,-0.0005201641964089232,0.000345114151656298,-0.001002726161752232,-0.00018801115532851576,3440.0,3458.0
0.6936044871995739,5244,5249,-0.0005264312349198219,0.0009009617148155119,-0.0013787484724092636,0.0008147150064238273,17732.0,17750.0
0.6936044871995739,4410,4415,-0.0005264312349198885,0.0005629007800416776,-0.0013160780872997213,0.0,15230.0,15248.0
0.6936044871995739,5586,5591,-0.000526431234919933,0.0011024021796774994,-0.0015354244351830637,0.001253407702190401,18758.0,18776.0
0.6936044871995739,1794,1799,-0.0005389653119417303,0.0004634007787622503,-0.0011594021245260322,0.00012534077021908452,7382.0,7400.0
0.6936044871995739,1830,1835,-0.0005389653119417748,0.000881683453019127,-0.0014414188575188058,0.0006893742362047428,7490.0,7508.0
0.6936044871995739,1152,1157,-0.0005389653119417748,0.0006656055173678952,-0.00125340770219029,0.00040735750321185815,5456.0,5474.0
0.6936044871995739,3516,3521,-0.0005389653119418191,0.0003568636850814709,-0.0009400557766425788,-0.00015667596277380014,12548.0,12566.0
0.6936044871995739,5526,5531,-0.0005452323504527401,0.00031538213618487567,-0.0010340613543069477,-0.00018801115532851576,18578.0,18596.0
0.6936044871995739,762,767,-0.000551499388963661,0.0013113319466697769,-0.0022874690564973488,0.0008147150064237163,4286.0,4304.0
0.6936044871995739,378,383,-0.0005514993889637054,0.0023363743150408077,-0.0031335192554757807,0.0022874690564973488,3134.0,3152.0
0.6936044871995739,1992,1997,-0.0005514993889637054,0.00038415974822244767,-0.0010653965468617743,-0.0001253407702189735,7976.0,7994.0
0.6936044871995739,4842,4847,-0.0005577664274745819,0.0006169930446775885,-0.0014727540500736325,0.0001880111553287378,16526.0,16544.0
0.6936044871995739,1938,1943,-0.0005577664274746041,0.0002992469874048833,-0.001002726161752232,-0.000250681540437947,7814.0,7832.0
0.6936044871995739,5562,5567,-0.0005577664274746486,0.0005165081599132359,-0.001347413279854548,-6.267038510954226e-05,18686.0,18704.0
0.6936044871995739,4614,4619,-0.0005577664274746708,0.0028474881033488126,-0.004668943690658955,0.0022874690564973488,15842.0,15860.0
0.6936044871995739,1236,1241,-0.0005640334659855473,0.00042505123198226756,-0.0008773853915331475,0.00012534077021908452,5708.0,5726.0
0.6936044871995739,2622,2627,-0.0005640334659855695,0.00031413432857711044,-0.0010340613543069477,-0.000250681540438058,9866.0,9884.0
0.6936044871995739,216,221,-0.0005640334659855917,0.0002686433146285925,-0.000752044621314174,-9.400557766414686e-05,2648.0,2666.0
0.6936044871995739,4632,4637,-0.0005765675430074336,0.00124330052062818,-0.0018801115532853796,0.00134741327985477,15896.0,15914.0
0.6936044871995739,18,23,-0.0005765675430074779,0.00018879290986611978,-0.0008460501989784319,-0.0003760223106570315,2054.0,2072.0
0.6936044871995739,5238,5243,-0.0005828345815184433,0.0005555262155065684,-0.0011907373170807478,6.267038510954226e-05,17714.0,17732.0
0.6936044871995739,2544,2549,-0.0005828345815184433,0.00045224836220383906,-0.0011280669319713166,0.00012534077021908452,9632.0,9650.0
0.6936044871995739,2226,2231,-0.0005891016200294085,0.0016745135206774743,-0.003352865603359012,0.0008773853915333696,8678.0,8696.0
0.6936044871995739,972,977,-0.0005953686585402629,0.0010098005856123326,-0.0022874690564973488,6.267038510965328e-05,4916.0,4934.0
0.6936044871995739,552,557,-0.0005953686585403517,0.0005313140399778095,-0.0013160780872997213,0.00015667596277380014,3656.0,3674.0
0.6936044871995739,5262,5267,-0.0006016356970512948,0.0005681097199716454,-0.0011594021245260322,0.0002193463478833424,17786.0,17804.0
0.6936044871995739,3282,3287,-0.0006141697740731811,0.0005302040512167441,-0.0012847428947450057,-6.267038510943124e-05,11846.0,11864.0
0.6936044871995739,2160,2165,-0.0006204368125840798,0.0011773445428772734,-0.0016294300128472106,0.0012847428947452277,8480.0,8498.0
0.6936044871995739,4728,4733,-0.0006204368125841464,0.0006510635652898812,-0.0016294300128473216,9.40055776643689e-05,16184.0,16202.0
0.6936044871995739,696,701,-0.0006204368125841686,0.001305102305990659,-0.0019427819383949219,0.0014727540500736325,4088.0,4106.0
0.6936044871995739,4782,4787,-0.0006267038510950451,0.0003241337521633101,-0.0010340613543069477,-0.00034468711810220487,16346.0,16364.0
0.6936044871995739,1692,1697,-0.0006329708896060104,0.000197436580729124,-0.0009400557766425788,-0.00040735750321174713,7076.0,7094.0
0.6936044871995739,4014,4019,-0.000632970889606077,0.0003909999249789001,-0.0011907373170807478,-0.00015667596277368911,14042.0,14060.0
0.6936044871995739,672,677,-0.0006392379281169758,0.0002532147256709263,-0.0008773853915331475,-0.00021934634788312035,4016.0,4034.0
0.6936044871995739,5010,5015,-0.0006455049666278745,0.0005302040512166795,-0.0014100836649638682,-0.00012534077021886247,17030.0,17048.0
0.6936044871995739,1284,1289,-0.0006643060821607483,0.0016368552030621177,-0.002444145019271038,0.0017861059756214548,5852.0,5870.0
0.6936044871995739,3600,3605,-0.0006643060821608149,0.0018436440741511745,-0.002788832137373465,0.0011594021245261432,12800.0,12818.0
0.6936044871995739,1128,1133,-0.0006643060821608371,0.0007067458005295585,-0.0014727540500736325,0.00012534077021908452,5384.0,5402.0
0.6936044871995739,5880,5885,-0.0006705731206717358,0.001218773845144807,-0.0021621282862782643,0.0011907373170809699,19640.0,19658.0
0.6936044871995739,4134,4139,-0.000670573120671758,0.0006265471555429783,-0.0016294300128473216,-6.267038510943124e-05,14402.0,14420.0
0.6936044871995739,1044,1049,-0.0006831071976936443,0.00035548529566994323,-0.00109673173941649,-0.00012534077021886247,5132.0,5150.0
0.6936044871995739,1986,1991,-0.0006831071976936664,0.0007869439181061024,-0.0014100836649639792,0.00043869269576657377,7958.0,7976.0
0.6936044871995739,1038,1043,-0.0006956412747154861,0.00015573306978079707,-0.0009087205840877521,-0.000501363080876005,5114.0,5132.0
0.6936044871995739,2076,2081,-0.0007019083132264514,0.0008691209807483372,-0.0018174411681757263,0.00021934634788345342,8228.0,8246.0
0.6936044871995739,5604,5609,-0.0007019083132265181,0.0003796604827089083,-0.0011280669319713166,-0.0001253407702189735,18812.0,18830.0
0.6936044871995739,5850,5855,-0.000708175351737439,0.0009217554617422219,-0.0021307930937234376,0.0001880111553287378,19550.0,19568.0
0.6936044871995739,3972,3977,-0.0007081753517374833,0.0012869573778856516,-0.0021621282862783753,0.0012847428947452277,13916.0,13934.0
0.6936044871995739,5106,5111,-0.0007144423902484043,0.0002559147305373158,-0.0010653965468616633,-0.0003446871181023159,17318.0,17336.0
0.6936044871995739,12,17,-0.0007269764672702683,0.0012259631289087247,-0.0021307930937234376,0.0012220725096356855,2036.0,2054.0
0.6936044871995739,5076,5081,-0.0007269764672703349,0.0004966405604276202,-0.0015354244351830637,-0.00028201673299277363,17228.0,17246.0
0.6936044871995739,246,251,-0.0007332435057812558,0.00029859002286394294,-0.0012220725096354634,-0.00043869269576646275,2738.0,2756.0
0.6936044871995739,5652,5657,-0.000739510544292199,0.00012054889268745191,-0.0008773853915331475,-0.0005640334659855473,18956.0,18974.0
0.6936044871995739,1320,1325,-0.0007395105442922212,0.0007502799463253481,-0.0015667596277377793,0.00040735750321185815,5960.0,5978.0
0.6936044871995739,4248,4253,-0.0007395105442922434,0.00019518580518785626,-0.0009087205840879742,-0.00040735750321174713,14744.0,14762.0
0.6936044871995739,3168,3173,-0.0007457775828031199,0.0006487974130425342,-0.0012220725096354634,0.00037602231065725356,11504.0,11522.0
0.6936044871995739,3222,3227,-0.0007520446213141296,0.0005799127478871002,-0.001504089242628348,0.0,11666.0,11684.0
0.6936044871995739,2706,2711,-0.0007645786983361269,0.001925215461998153,-0.0024754802118258645,0.002538150596935407,10118.0,10136.0
0.6936044871995739,1800,1805,-0.0007771127753579022,0.0005078815123874511,-0.0015667596277377793,-0.00034468711810220487,7400.0,7418.0
0.6936044871995739,1764,1769,-0.0007771127753579243,0.0006663427039017436,-0.001347413279854437,0.00025068154043816904,7292.0,7310.0
0.6936044871995739,5424,5429,-0.0007771127753579687,0.0004921720450674596,-0.0012220725096355745,6.267038510954226e-05,18272.0,18290.0
0.6936044871995739,2628,2633,-0.0007833798138688674,0.0013125294419907155,-0.002600820982044838,0.0004700278883214004,9884.0,9902.0
0.6936044871995739,5754,5759,-0.0007896468523798328,0.00042987498861633117,-0.0011907373170807478,-0.00021934634788323137,19262.0,19280.0
0.6936044871995739,78,83,-0.000795913890890776,0.0004770776634768021,-0.0013160780872997213,-0.00012534077021886247,2234.0,2252.0
0.6936044871995739,1074,1079,-0.000802180929401719,0.0005519798899826808,-0.0014100836649639792,-6.267038510954226e-05,5222.0,5240.0
0.6936044871995739,5340,5345,-0.0008084479679127288,0.0007057030431615278,-0.0014414188575188058,0.0,18020.0,18038.0
0.6936044871995739,2094,2099,-0.0008147150064236497,0.0013218475303164437,-0.0023188042490520644,0.0010340613543070587,8282.0,8300.0
0.6936044871995739,5748,5753,-0.0008272490834454916,0.0005555262155066307,-0.001504089242628348,1.1102230246251565e-16,19244.0,19262.0
0.6936044871995739,4182,4187,-0.0008272490834455581,0.0005572909156804734,-0.0015667596277378903,-6.267038510943124e-05,14546.0,14564.0
0.6936044871995739,2202,2207,-0.0008335161219565013,0.00030909272824637554,-0.00125340770219029,-0.0005326982734308316,8606.0,8624.0
0.6936044871995739,5976,5981,-0.0008397831604674222,0.00024413312669801281,-0.00109673173941649,-0.0005640334659855473,19928.0,19946.0
0.6936044871995739,156,161,-0.0008397831604674444,0.0008696292221632228,-0.001598094820292606,0.0005953686585404849,2468.0,2486.0
0.6936044871995739,1212,1217,-0.0008397831604674666,0.001423149098662443,-0.00219346347883298,0.0012847428947451167,5636.0,5654.0
0.6936044871995739,5484,5489,-0.0008523172374893306,0.0008341873201234934,-0.0019114467458400952,0.00037602231065714253,18452.0,18470.0
0.6936044871995739,1818,1823,-0.0008523172374893528,0.0007469352963721126,-0.0014727540500735214,0.0003446871181023159,7454.0,7472.0
0.6936044871995739,2598,2603,-0.0008585842760002738,0.0019041899178223916,-0.0028828377150377227,0.001942781938395144,9794.0,9812.0
0.6936044871995739,222,227,-0.0008773853915331253,0.0013413878227056845,-0.0020367875160591797,0.0013787484724093746,2666.0,2684.0
0.6936044871995739,5082,5087,-0.0008773853915331698,0.0007281640734887533,-0.0019741171309498595,-0.00021934634788323137,17246.0,17264.0
0.6936044871995739,2904,2909,-0.0008773853915332141,0.0003293923485981626,-0.0011907373170807478,-0.00037602231065714253,10712.0,10730.0
0.6936044871995739,1698,1703,-0.0008836524300440685,0.0012483840038092077,-0.002506815404380469,0.0009087205840880852,7094.0,7112.0
0.6936044871995739,558,563,-0.0009024535455769867,0.0008312394441992805,-0.0018174411681759484,0.00021934634788345342,3674.0,3692.0
0.6936044871995739,5814,5819,-0.0009525898536645761,0.000608661413709711,-0.0014414188575189169,6.267038510965328e-05,19442.0,19460.0
0.6936044871995739,5034,5039,-0.0009525898536645982,0.0001479737906573157,-0.0011594021245260322,-0.000752044621314174,17102.0,17120.0
0.6936044871995739,4224,4229,-0.0009651239306864845,0.0006944828842012327,-0.002099457901168833,-0.00034468711810220487,14672.0,14690.0
0.6936044871995739,5298,5303,-0.0009713909691973832,0.0009095306159684174,-0.002005452323504353,0.0003133519255477113,17894.0,17912.0
0.6936044871995739,3414,3419,-0.0009839250462192917,0.0005389288744397313,-0.0016294300128473216,-0.000250681540437947,12242.0,12260.0
0.6936044871995739,4584,4589,-0.0009901920847303013,0.00043340094386655855,-0.001598094820292495,-0.00037602231065714253,15752.0,15770.0
0.6936044871995739,4554,4559,-0.0009964591232412446,0.0005415642391747424,-0.0015667596277377793,-0.0002193463478833424,15662.0,15680.0
0.6936044871995739,1836,1841,-0.0010152602387740518,0.0007317287459636389,-0.0017861059756211217,-0.00012534077021908452,7508.0,7526.0
0.6936044871995739,5514,5519,-0.001021527277285017,0.0010986549293118021,-0.0018174411681758373,0.0007520446213142851,18542.0,18560.0
0.6936044871995739,678,683,-0.0010277943157960046,0.0007353429042622439,-0.0018174411681758373,1.1102230246251565e-16,4034.0,4052.0
0.6936044871995739,4074,4079,-0.0010403283928178907,0.001246416122129626,-0.0026634913671543803,0.0006893742362048538,14222.0,14240.0
0.6936044871995739,5418,5423,-0.0010465954313289227,0.0010853924507172096,-0.00235013944160678,6.267038510943124e-05,18254.0,18272.0
0.6936044871995739,3612,3617,-0.0010528624698398436,0.0013475225842323622,-0.0023814746341616067,0.0011280669319713166,12836.0,12854.0
0.6936044871995739,1956,1961,-0.0010591295083507645,0.0010393652392429696,-0.0023814746341614956,0.0004386926957666848,7868.0,7886.0
0.6936044871995739,2196,2201,-0.0010716635853726063,0.002865020369306669,-0.00454360292043976,0.002851502522483118,8588.0,8606.0
0.6936044871995739,4590,4595,-0.0010716635853726287,0.0004906734968461212,-0.0017234355905115795,-0.0004700278883212894,15770.0,15788.0
0.6936044871995739,1344,1349,-0.0010716635853726508,0.0010508741650223636,-0.0021621282862782643,0.0003133519255476003,6032.0,6050.0
0.6936044871995739,3120,3125,-0.0010716635853726508,0.0003749763494914341,-0.0015667596277377793,-0.000752044621314174,11360.0,11378.0
0.6936044871995739,2694,2699,-0.0010779306238835496,0.0007473295615335899,-0.0021621282862781532,-9.400557766414686e-05,10082.0,10100.0
0.6936044871995739,1782,1787,-0.001077930623883594,0.0009601053909578011,-0.0024754802118258645,-9.400557766414686e-05,7346.0,7364.0
0.6936044871995739,2442,2447,-0.001077930623883594,0.0016234835537223046,-0.003352865603359012,0.0009087205840880852,9326.0,9344.0
0.6936044871995739,2082,2087,-0.0010904647009054359,0.0007784761764474983,-0.0016607652054020372,0.0002820167329929957,8246.0,8264.0
0.6936044871995739,4644,4649,-0.001102998777927433,0.0003547940928077877,-0.0014727540500736325,-0.0005326982734308316,15932.0,15950.0
0.6936044871995739,5208,5213,-0.0011092658164383983,0.0009989490324388906,-0.002788832137373465,-0.00037602231065714253,17624.0,17642.0
0.6936044871995739,876,881,-0.0011155328549493637,0.0004576440238637855,-0.0016921003979568638,-0.0005640334659856583,4628.0,4646.0
0.6936044871995739,3540,3545,-0.0011280669319711834,0.0016674032772711627,-0.0028828377150377227,0.0016294300128475436,12620.0,12638.0
0.6936044871995739,1446,1451,-0.0011280669319712277,0.0005874826327593944,-0.001598094820292606,-0.0004700278883214004,6338.0,6356.0
0.6936044871995739,2952,2957,-0.0011343339704821486,0.0011687648778294921,-0.003102184062920954,-0.00021934634788312035,10856.0,10874.0
0.6936044871995739,5982,5987,-0.0011406010089931363,0.00037313886244740333,-0.0017234355905116905,-0.0006893742362046318,19946.0,19964.0
0.6936044871995739,5844,5849,-0.0011406010089931584,0.0010878773785139933,-0.003039513677811523,-0.0004700278883214004,19532.0,19550.0
0.6936044871995739,2802,2807,-0.0011468680475040793,0.00093445095872934,-0.002005452323504464,0.00040735750321185815,10406.0,10424.0
0.6936044871995739,912,917,-0.0011656691630368865,0.001180259900483825,-0.002444145019271038,9.400557766447992e-05,4736.0,4754.0
0.6936044871995739,936,941,-0.0011656691630368865,0.00045753673420724695,-0.0016921003979568638,-0.000752044621314063,4808.0,4826.0
0.6936044871995739,210,215,-0.0011656691630369087,0.00030893385250816053,-0.0014727540500735214,-0.000752044621314063,2630.0,2648.0
0.6936044871995739,4872,4877,-0.0011719362015478962,0.0006102724843247567,-0.0019114467458400952,-0.00031335192554748925,16616.0,16634.0
0.6936044871995739,4878,4883,-0.0011907373170807034,0.0012222733597494764,-0.0030708488703662384,0.0003133519255477113,16634.0,16652.0
0.6936044871995739,264,269,-0.0011907373170807478,0.0007338726179695472,-0.002005452323504575,-0.00040735750321174713,2792.0,2810.0
0.6936044871995739,4482,4487,-0.0011907373170807478,0.0005731000268909694,-0.0019427819383949219,-0.0005953686585403739,15446.0,15464.0
0.6936044871995739,2976,2981,-0.0011970043555916687,0.000980796532572942,-0.0022874690564971267,0.00015667596277391116,10928.0,10946.0
0.6936044871995739,4662,4667,-0.0012032713941026118,0.0005384731976233027,-0.0017234355905115795,-0.0006267038510949785,15986.0,16004.0
0.6936044871995739,3354,3359,-0.0012095384326136437,0.0005416548851271942,-0.001754770783066406,-0.000501363080876116,12062.0,12080.0
0.6936044871995739,2130,2135,-0.0012158054711245425,0.0012863468667611874,-0.0029141729075924383,0.000501363080876227,8390.0,8408.0
0.6936044871995739,5736,5741,-0.0012346065866573718,0.0006700897402098477,-0.0022874690564972378,-0.0007207094287593474,19208.0,19226.0
0.6936044871995739,4008,4013,-0.0012408736251683593,0.0005848023444362682,-0.0018801115532854906,-0.0005953686585403739,14024.0,14042.0
0.6936044871995739,1062,1067,-0.0012534077021902012,0.0009729060067219817,-0.0029141729075923273,-0.0004700278883212894,5186.0,5204.0
0.6936044871995739,84,89,-0.0012596747407011889,0.0011277187094188119,-0.0023814746341614956,0.0002820167329929957,2252.0,2270.0
0.6936044871995739,3942,3947,-0.0012784758562340627,0.002045254523199767,-0.0038855638767899547,0.0011594021245261432,13826.0,13844.0
0.6936044871995739,4968,4973,-0.0012784758562340848,0.0005049732148814514,-0.002099457901168833,-0.000752044621314063,16904.0,16922.0
0.6936044871995739,1140,1145,-0.0012847428947449612,0.0011254526366100436,-0.002694826559709096,3.133519255493766e-05,5420.0,5438.0
0.6936044871995739,36,41,-0.0012910099332559266,0.0004439213719719271,-0.0017234355905115795,-0.0006893742362046318,2108.0,2126.0
0.6936044871995739,4452,4457,-0.0012910099332559932,0.001370247519979896,-0.0024754802118258645,0.0003446871181024269,15356.0,15374.0
0.6936044871995739,5436,5441,-0.0013098110487888004,0.0011426394184791688,-0.0027261617522638115,3.133519255482664e-05,18308.0,18326.0
0.6936044871995739,4986,4991,-0.0013223451258107977,0.001044548197913028,-0.00250681540438058,-0.00018801115532862678,16958.0,16976.0
0.6936044871995739,4578,4583,-0.0013286121643216742,0.0013433262190000678,-0.0031335192554756697,0.0006580390436499162,15734.0,15752.0
0.6936044871995739,2376,2381,-0.0013348792028326395,0.0006552727478582554,-0.002099457901168833,-0.00031335192554748925,9128.0,9146.0
0.6936044871995739,3384,3389,-0.0013599473568764342,0.0013165629473941088,-0.0026634913671543803,0.0006267038510953116,12152.0,12170.0
0.6936044871995739,5274,5279,-0.0013599473568764787,0.0005292772823711898,-0.002099457901168833,-0.0008147150064237163,17822.0,17840.0
0.6936044871995739,42,47,-0.0013724814338983205,0.0007841314978550082,-0.002600820982044949,-0.0005640334659855473,2126.0,2144.0
0.6936044871995739,1806,1811,-0.0014288847804968974,0.0006920751663323988,-0.0024128098267163223,-0.0005326982734309427,7418.0,7436.0
0.6936044871995739,1572,1577,-0.001435151819007796,0.00047542829755975013,-0.0020367875160591797,-0.000752044621314063,6716.0,6734.0
0.6936044871995739,234,239,-0.0014476858960297712,0.0005447278725900924,-0.002005452323504464,-0.0006267038510950895,2702.0,2720.0
0.6936044871995739,192,197,-0.0014790210885844868,0.0006411857299146272,-0.0023188042490519534,-0.0006893742362046318,2576.0,2594.0
0.6936044871995739,5826,5831,-0.0014790210885844868,0.0005992317938383203,-0.0021307930937234376,-0.0008773853915331475,19478.0,19496.0
0.6936044871995739,2436,2441,-0.0014915551656064397,0.001088102999641501,-0.0025694857894902334,9.40055776643689e-05,9308.0,9326.0
0.6936044871995739,5196,5201,-0.0015103562811392911,0.0010968212648841485,-0.0031648544480304963,-0.0005953686585403739,17588.0,17606.0
0.6936044871995739,5358,5363,-0.0015354244351830637,0.0005841303507131018,-0.002256133863942411,-0.0009087205840878632,18074.0,18092.0
0.6936044871995739,2874,2879,-0.0015667596277378238,0.0012067100876739934,-0.0024128098267163223,0.0005640334659857693,10622.0,10640.0
0.6936044871995739,2910,2915,-0.0015855607432706976,0.0017079261002724798,-0.0031335192554756697,0.0011594021245261432,10730.0,10748.0
0.6936044871995739,186,191,-0.0015855607432706976,0.000924414735231821,-0.0025381505969352958,-0.0005640334659856583,2558.0,2576.0
0.6936044871995739,2190,2195,-0.0016168959358254353,0.000956262597068824,-0.002694826559709096,-0.0006267038510950895,8570.0,8588.0
0.6936044871995739,5256,5261,-0.001623162974336334,0.0007838183837995353,-0.0024754802118257535,-0.00047002788832117837,17768.0,17786.0
0.6936044871995739,3432,3437,-0.0016294300128473437,0.0023854912223393652,-0.005546329082192214,0.0004386926957667958,12296.0,12314.0
0.6936044871995739,5382,5387,-0.0016294300128474105,0.0009321890628047311,-0.0024754802118258645,-3.133519255471562e-05,18146.0,18164.0
0.6936044871995739,5214,5219,-0.0016544981668911829,0.0006689164589593111,-0.0026634913671544913,-0.0009713909691975164,17642.0,17660.0
0.6936044871995739,2448,2453,-0.0016670322439131136,0.0005607161068138802,-0.0022874690564973488,-0.0010340613543069477,9344.0,9362.0
0.6936044871995739,5832,5837,-0.0016795663209349554,0.0007479862083183692,-0.0024754802118258645,-0.0008773853915331475,19496.0,19514.0
0.6936044871995739,978,983,-0.001685833359445832,0.0004310155451145284,-0.0023814746341614956,-0.001253407702190179,4934.0,4952.0
0.6936044871995739,2178,2183,-0.0016858333594458985,0.0009513211704495412,-0.0027261617522638115,-0.0004073575032116361,8534.0,8552.0
0.6936044871995739,2220,2225,-0.001685833359445965,0.0019442218128651813,-0.003540876758687639,0.0013787484724093746,8660.0,8678.0
0.6936044871995739,3624,3629,-0.0017046344749788167,0.0006412622939760195,-0.0024754802118257535,-0.0009087205840879742,12872.0,12890.0
0.6936044871995739,2424,2429,-0.0017171685520006585,0.0004212223862101228,-0.0019741171309496375,-0.0009713909691975164,9272.0,9290.0
0.6936044871995739,5328,5333,-0.0017422367060444754,0.0005361890047618685,-0.0025381505969352958,-0.0011594021245260322,17984.0,18002.0
0.6936044871995739,4722,4727,-0.0017422367060444754,0.000998457447825482,-0.0034155359884685543,-0.000752044621314063,16166.0,16184.0
0.6936044871995739,2856,2861,-0.0017547707830663617,0.001957258435150947,-0.0040735750321184705,3.133519255493766e-05,10568.0,10586.0
0.6936044871995739,4296,4301,-0.001754770783066384,0.0021988286645377975,-0.0040735750321184705,0.001848776360730775,14888.0,14906.0
0.6936044871995739,4068,4073,-0.001761037821577327,0.0016525266733535093,-0.003509541566132812,0.0006267038510954226,14204.0,14222.0
0.6936044871995739,2466,2471,-0.0017673048600883145,0.000540293599021441,-0.0023814746341616067,-0.0010340613543069477,9398.0,9416.0
0.6936044871995739,54,59,-0.0017735718985992799,0.0009454196816290778,-0.003102184062921065,-0.0007833798138688897,2162.0,2180.0
0.6936044871995739,5892,5897,-0.001811174129664983,0.0017886329929977735,-0.0045749381129945865,0.0003133519255476003,19676.0,19694.0
0.6936044871995739,3336,3341,-0.001936514899884001,0.0010360534930685214,-0.0027261617522638115,-0.00018801115532851576,12008.0,12026.0
0.6936044871995739,5964,5969,-0.002005452323504464,0.0016803086138926801,-0.004261586187446986,-0.00015667596277368911,19892.0,19910.0
0.6936044871995739,4932,4937,-0.0020179864005263727,0.0010417714535530843,-0.003039513677811412,-0.00031335192554748925,16796.0,16814.0
0.6936044871995739,5718,5723,-0.0020242534390373158,0.0011557122505240075,-0.0034782063735780966,-0.0003760223106570315,19154.0,19172.0
0.6936044871995739,5598,5603,-0.002024253439037338,0.001445262511904179,-0.004167580609782728,-0.0004700278883212894,18794.0,18812.0
0.6936044871995739,2208,2213,-0.0020367875160591797,0.0012732271897916197,-0.0035722119512423545,-0.00043869269576657377,8624.0,8642.0
0.6936044871995739,5454,5459,-0.0020367875160592465,0.0018213538555211129,-0.0046689436906590664,-0.00021934634788323137,18362.0,18380.0
0.6936044871995739,5772,5777,-0.0021558612477673433,0.0013204354187510725,-0.0035722119512423545,-0.000752044621314174,19316.0,19334.0
0.6936044871995739,1482,1487,-0.0021746623633001503,0.001176760604640305,-0.003791558299125697,-0.000501363080876116,6446.0,6464.0
0.6936044871995739,5286,5291,-0.002174662363300173,0.0007273545523117936,-0.0030708488703662384,-0.0012847428947450057,17858.0,17876.0
0.6936044871995739,1824,1829,-0.00219346347883298,0.0006448505507867827,-0.002945508100147265,-0.0015354244351829527,7472.0,7490.0
0.6936044871995739,1638,1643,-0.002193463478833002,0.0013142115736853547,-0.00391689906934467,-0.0005640334659855473,6914.0,6932.0
0.6936044871995739,4302,4307,-0.0022373327484096926,0.0012395435405083784,-0.004104910224673297,-0.0008147150064236053,14906.0,14924.0
0.6936044871995739,3678,3683,-0.002249866825431579,0.0009338728556653228,-0.0033215304108042965,-0.0009400557766426898,13034.0,13052.0
0.6936044871995739,5766,5771,-0.002325071287562963,0.0012523104902104334,-0.004010904647008928,-0.000501363080876116,19298.0,19316.0
0.6936044871995739,5592,5597,-0.002343872403095837,0.0003392315007106225,-0.002757496944818638,-0.0020367875160591797,18776.0,18794.0
0.6936044871995739,4314,4319,-0.002425343903738231,0.0015255766258630247,-0.0045749381129946975,-0.0005640334659855473,14942.0,14960.0
0.6936044871995739,1536,1541,-0.002619622097577712,0.003250231424613363,-0.00745777582803242,0.0008147150064237163,6608.0,6626.0
0.6936044871995739,2154,2159,-0.0026572243286434815,0.002714376577081876,-0.004731614075768498,0.0017547707830666281,8462.0,8480.0
0.6936044871995739,1770,1775,-0.002719894713752935,0.0006948362566782807,-0.0033215304108042965,-0.0016921003979567528,7310.0,7328.0
0.6936044871995739,420,425,-0.0027261617522639225,0.0014480453243989352,-0.004480932535330329,-0.0005953686585403739,3260.0,3278.0
0.6936044871995739,5142,5147,-0.0027261617522639225,0.0007585446956983175,-0.003540876758687639,-0.0015667596277378903,17426.0,17444.0
0.6936044871995739,2592,2597,-0.0029956444082348322,0.0014401580864367145,-0.004104910224673297,-0.0005640334659855473,9776.0,9794.0
0.6936044871995739,2418,2423,-0.00305831479334433,0.0007287032546610209,-0.003979569454454213,-0.0021621282862782643,9254.0,9272.0
0.6936044871995739,3240,3245,-0.0030771159088772036,0.0007191409624198519,-0.003948234261899497,-0.0023188042490520644,11720.0,11738.0
0.6936044871995739,1524,1529,-0.0031335192554757365,0.0020352201533677047,-0.005828345815184988,-0.0003446871181023159,6572.0,6590.0
0.6936044871995739,534,539,-0.0031773885250523603,0.0007515875108347803,-0.004167580609782728,-0.0024754802118258645,3602.0,3620.0
0.6936044871995739,3174,3179,-0.0032651270642056972,0.0011383347037396386,-0.005044966001315987,-0.002193463478833091,11522.0,11540.0
0.6936044871995739,2310,2315,-0.0036474164133738717,0.0017277885337381308,-0.005797010622630383,-0.0015354244351831747,8930.0,8948.0
0.6936044871995739,4746,4751,-0.003973302415943269,0.0010943566459311067,-0.005044966001315876,-0.0026321561745996647,16238.0,16256.0
0.6936044871995739,4572,4577,-0.004155046532760864,0.0012215903346277398,-0.005483658697082672,-0.002444145019271149,15716.0,15734.0
0.6936044871995739,0,5,-0.004443330304264625,0.0008036117695381811,-0.005483658697082672,-0.0032275248331400386,2000.0,2018.0
0.6936044871995739,5574,5579,-0.00496976153918458,0.0022609812592655223,-0.007677122175915652,-0.001598094820292606,18722.0,18740.0
0.6936044871995739,5568,5573,-0.005132704540469324,0.002500579779399262,-0.007645786983360936,-0.0011907373170807478,18704.0,18722.0
0.6936044871995739,5112,5117,-0.007965405947419502,0.0014293451137803663,-0.00943189295898228,-0.00604769216306833,17336.0,17354.0
