baseline_roc_auc,bin_start,bin_end,auroc_drop_mean,auroc_drop_sd,auroc_drop_min,auroc_drop_max,mz_start,mz_end
0.7764860715069094,3258,3263,0.046889982138940266,0.020752624048847017,0.020681227086140508,0.06790336226616123,11774.0,11792.0
0.7764860715069094,1296,1301,0.025105756274872305,0.013410975537705355,0.0028828377150377227,0.038604957227462156,5888.0,5906.0
0.7764860715069094,2148,2153,0.019152069689468254,0.007498394381460565,0.007175759095039758,0.02701093598220161,8444.0,8462.0
0.7764860715069094,1620,1625,0.01648231128380282,0.004023431402717602,0.011970043555917687,0.02237332748409737,6860.0,6878.0
0.7764860715069094,1632,1637,0.012289662519976208,0.0015963120207999012,0.010904647009055801,0.01485288127095552,6896.0,6914.0
0.7764860715069094,2166,2171,0.01033434650455931,0.006998398004765136,0.0023188042490520644,0.0178297245636575,8498.0,8516.0
0.7764860715069094,1602,1607,0.009663773383887441,0.005203368888338831,0.00354087675868775,0.01635697051358387,6806.0,6824.0
0.7764860715069094,1518,1523,0.00780246294613478,0.001831836167463338,0.005797010622630161,0.00990192084730357,6554.0,6572.0
0.7764860715069094,720,725,0.006799736784382504,0.0031783988780213776,0.0021307930937235486,0.009243881803653653,4160.0,4178.0
0.7764860715069094,2106,2111,0.0056716698524112985,0.002748133903275341,0.002788832137373576,0.01005859681007748,8318.0,8336.0
0.7764860715069094,1674,1679,0.005070034155359848,0.0010666400126821773,0.003290195218249581,0.0061730329332874145,7022.0,7040.0
0.7764860715069094,1626,1631,0.0047253470372575325,0.0012235580197477605,0.003290195218249581,0.00651772005138973,6878.0,6896.0
0.7764860715069094,1284,1289,0.003534609720176696,0.004827420073763294,-0.003102184062921065,0.010465954313289227,5852.0,5870.0
0.7764860715069094,1512,1517,0.0032525929871839,0.0013558401433477491,0.002256133863942522,0.005640334659856472,6536.0,6554.0
0.7764860715069094,1710,1715,0.003083382947388258,0.0011086637340876533,0.002099457901168833,0.004606273305549524,7130.0,7148.0
0.7764860715069094,1884,1889,0.0025068154043806244,0.0015980948202926587,0.0003446871181023159,0.004606273305549413,7652.0,7670.0
0.7764860715069094,2826,2831,0.002262400902453465,0.0006193755727002935,0.0012847428947450057,0.002945508100147265,10478.0,10496.0
0.7764860715069094,1392,1397,0.0021871964403221257,0.00090639448061415,0.0014414188575188058,0.003446871181023492,6176.0,6194.0
0.7764860715069094,750,755,0.0021621282862782864,0.003676714521311055,-0.0029141729075925493,0.006298373703506277,4250.0,4268.0
0.7764860715069094,2820,2825,0.0018863785917964337,0.005643658692475113,-0.006141697740732588,0.00896186507066088,10460.0,10478.0
0.7764860715069094,138,143,0.0018801115532854685,0.00078931104677153,0.000752044621314174,0.002788832137373465,2414.0,2432.0
0.7764860715069094,2958,2963,0.0017798389371102674,0.0004355479047133666,0.00125340770219029,0.00244414501927126,10874.0,10892.0
0.7764860715069094,1266,1271,0.0015040892426283702,0.0019378479613868934,-0.001347413279854659,0.003979569454454324,5798.0,5816.0
0.7764860715069094,1290,1295,0.0014852881270954743,0.0005559679156761888,0.0009713909691974054,0.0023188042490520644,5870.0,5888.0
0.7764860715069094,3234,3239,0.0013975495879422705,0.001065073929856657,-0.00028201673299277363,0.0024128098267164333,11702.0,11720.0
0.7764860715069094,1314,1319,0.0013411462413436492,0.0016337028694718575,-0.0012220725096355745,0.0030708488703662384,5942.0,5960.0
0.7764860715069094,1878,1883,0.0013286121643217407,0.0004533326321902265,0.0009400557766426898,0.001848776360730886,7634.0,7652.0
0.7764860715069094,3678,3683,0.001297276971767003,0.00022661216095969152,0.0009713909691974054,0.0015667596277378903,13034.0,13052.0
0.7764860715069094,2616,2621,0.0011155328549493858,0.00038415974822240777,0.0005326982734308316,0.0015040892426284591,9848.0,9866.0
0.7764860715069094,3432,3437,0.0011092658164384207,0.0010249051244170413,0.00043869269576657377,0.0028201673299281804,12296.0,12314.0
0.7764860715069094,654,659,0.0011029987779274774,0.00041417017382946384,0.00040735750321185815,0.0013787484724093746,3962.0,3980.0
0.7764860715069094,3882,3887,0.0010841976623945815,0.000234072000714219,0.0008773853915331475,0.0014414188575188058,13646.0,13664.0
0.7764860715069094,3198,3203,0.0010779306238836162,0.0006895878521482633,0.000501363080876116,0.0022247986713876955,11594.0,11612.0
0.7764860715069094,2580,2585,0.0010215272772850837,0.0009490477514111641,3.133519255482664e-05,0.0021621282862782643,9740.0,9758.0
0.7764860715069094,2610,2615,0.0010089932002632195,0.001122701074734614,-0.0003446871181024269,0.0021307930937236597,9830.0,9848.0
0.7764860715069094,6,11,0.0009901920847303013,0.0006288934893894343,0.0003760223106569205,0.001848776360730664,2018.0,2036.0
0.7764860715069094,5808,5813,0.0009839250462194248,0.0007693411983542658,9.400557766425788e-05,0.0019114467458403173,19424.0,19442.0
0.7764860715069094,1320,1325,0.0009776580077084595,0.0004094012160706767,0.0005640334659856583,0.0015040892426284591,5960.0,5978.0
0.7764860715069094,4320,4325,0.000958856892175608,0.0003678383252173695,0.0004073575032119692,0.0013787484724093746,14960.0,14978.0
0.7764860715069094,3246,3251,0.000940055776642712,0.0007620961054752512,-0.00015667596277391116,0.001754770783066406,11738.0,11756.0
0.7764860715069094,3462,3467,0.000921254661109927,0.00084593413474865,-0.00031335192554748925,0.002005452323504464,12386.0,12404.0
0.7764860715069094,4764,4769,0.0009212546611099048,0.00045925036093274807,0.00028201673299288466,0.0014727540500735214,16292.0,16310.0
0.7764860715069094,4068,4073,0.0009212546611098826,0.0003597411121127448,0.0003760223106570315,0.0013787484724093746,14204.0,14222.0
0.7764860715069094,3732,3737,0.0008836524300441573,0.0006465233176717653,-0.00015667596277380014,0.0014100836649640902,13196.0,13214.0
0.7764860715069094,2022,2027,0.000877385391533192,0.000333833794263557,0.0004700278883212894,0.0012220725096355745,8066.0,8084.0
0.7764860715069094,48,53,0.0008711183530223154,0.0004743945318277922,6.267038510954226e-05,0.0013160780872998323,2144.0,2162.0
0.7764860715069094,666,671,0.0008711183530221822,0.0007888132942094612,0.00028201673299277363,0.0022247986713876955,3998.0,4016.0
0.7764860715069094,192,197,0.0008648513145113057,0.0007535446034046065,0.00018801115532851576,0.0017861059756212327,2576.0,2594.0
0.7764860715069094,3984,3989,0.0008585842760003848,0.000259912153082764,0.0004386926957666848,0.0011280669319713166,13952.0,13970.0
0.7764860715069094,3852,3857,0.0008523172374894416,0.0003221586980221656,0.00043869269576657377,0.0011594021245260322,13556.0,13574.0
0.7764860715069094,5688,5693,0.0008272490834456247,0.0006424096598853789,0.0,0.0017234355905115795,19064.0,19082.0
0.7764860715069094,5976,5981,0.0008272490834455804,0.00015761321517824347,0.0006267038510950895,0.001002726161752121,19928.0,19946.0
0.7764860715069094,282,287,0.0008209820449346372,0.00045484626789490143,0.0005326982734308316,0.0016294300128474326,2846.0,2864.0
0.7764860715069094,4698,4703,0.0008021809294017857,0.00029611342474674003,0.0003760223106570315,0.0011594021245260322,16094.0,16112.0
0.7764860715069094,12,17,0.0007959138908908425,0.001025144605020482,-0.0006893742362047428,0.0017861059756212327,2036.0,2054.0
0.7764860715069094,1218,1223,0.0007896468523799216,0.0005319604638337769,6.267038510965328e-05,0.001347413279854548,5654.0,5672.0
0.7764860715069094,5352,5357,0.0007896468523798328,0.00035479409280777293,0.00021934634788323137,0.001096731739416379,18056.0,18074.0
0.7764860715069094,5796,5801,0.0007708457368470478,0.0003563129691899937,0.0004700278883212894,0.0012847428947451167,19388.0,19406.0
0.7764860715069094,3240,3245,0.0007708457368470256,0.001184660927096801,-0.0002193463478833424,0.0023814746341616067,11720.0,11738.0
0.7764860715069094,2076,2081,0.0007520446213142406,0.0006448505507866923,-3.133519255471562e-05,0.0015667596277378903,8228.0,8246.0
0.7764860715069094,1464,1469,0.0007269764672703571,0.0004405910820887484,0.00015667596277380014,0.0013787484724093746,6392.0,6410.0
0.7764860715069094,2484,2489,0.0007019083132265624,0.0005976731076358161,-0.00028201673299288466,0.001347413279854548,9452.0,9470.0
0.7764860715069094,3114,3119,0.0006956412747155972,0.0006718458202864445,-0.0003446871181023159,0.001504089242628348,11342.0,11360.0
0.7764860715069094,3846,3851,0.0006893742362046984,0.0004969370327814641,9.400557766425788e-05,0.001253407702190401,13538.0,13556.0
0.7764860715069094,4842,4847,0.000689374236204654,0.0005234009052263797,3.133519255471562e-05,0.0014100836649640902,16526.0,16544.0
0.7764860715069094,4716,4721,0.0006768401591827455,0.0003847982059476488,0.00018801115532851576,0.0010340613543070587,16148.0,16166.0
0.7764860715069094,5988,5993,0.0006705731206718246,0.00041131543441506755,0.000250681540438058,0.0011280669319713166,19964.0,19982.0
0.7764860715069094,3390,3395,0.0006517720051390397,0.0003630016722357734,0.00015667596277380014,0.0011280669319714276,12170.0,12188.0
0.7764860715069094,2730,2735,0.000651772005138973,0.000700465972003031,3.133519255482664e-05,0.001598094820292717,10190.0,10208.0
0.7764860715069094,4836,4841,0.0006455049666280299,0.0006273302419072184,-0.00034468711810220487,0.001347413279854548,16508.0,16526.0
0.7764860715069094,876,881,0.0006392379281170868,0.00047604747945556515,0.00015667596277380014,0.0012847428947451167,4628.0,4646.0
0.7764860715069094,528,533,0.0006329708896060992,0.0005356393490512659,-0.000250681540438058,0.0010653965468617743,3584.0,3602.0
0.7764860715069094,960,965,0.0006329708896060992,0.0005069139338512379,0.00015667596277380014,0.0012847428947451167,4880.0,4898.0
0.7764860715069094,3228,3233,0.0006329708896060992,0.0006958952974645995,-0.00015667596277391116,0.0017547707830665171,11684.0,11702.0
0.7764860715069094,1212,1217,0.0006267038510951561,0.000530851826719407,-9.400557766425788e-05,0.00109673173941649,5636.0,5654.0
0.7764860715069094,3252,3257,0.000626703851095134,0.002270882829191038,-0.0034155359884686654,0.001848776360730664,11756.0,11774.0
0.7764860715069094,2454,2459,0.0006204368125841908,0.0005207678979862026,-6.267038510954226e-05,0.001253407702190179,9362.0,9380.0
0.7764860715069094,5742,5747,0.0006141697740732699,0.00028427082204845626,0.00028201673299288466,0.001002726161752232,19226.0,19244.0
0.7764860715069094,2178,2183,0.0006141697740732699,0.0005873154730938071,-0.0002820167329926626,0.00125340770219029,8534.0,8552.0
0.7764860715069094,1998,2003,0.0006016356970513393,0.0003113084750921298,0.000250681540438058,0.00109673173941649,7994.0,8012.0
0.7764860715069094,1350,1355,0.0005891016200294974,0.0005010692273307816,-6.267038510954226e-05,0.0013160780872998323,6050.0,6068.0
0.7764860715069094,5994,5999,0.000589101620029453,0.00034139544887577735,9.400557766425788e-05,0.0009400557766428008,19982.0,20000.0
0.7764860715069094,114,119,0.000589101620029453,0.0003859447682813216,9.400557766425788e-05,0.0010653965468617743,2342.0,2360.0
0.7764860715069094,3726,3731,0.0005891016200294308,0.0006787523863785852,-0.00015667596277391116,0.001347413279854548,13178.0,13196.0
0.7764860715069094,2034,2039,0.0005828345815185543,0.0002919390768364457,0.00028201673299288466,0.0009713909691975164,8102.0,8120.0
0.7764860715069094,3210,3215,0.0005828345815185543,0.0003465337962823222,6.267038510965328e-05,0.0009713909691975164,11630.0,11648.0
0.7764860715069094,3576,3581,0.0005765675430076111,0.0004724241448872791,0.00012534077021908452,0.001347413279854659,12728.0,12746.0
0.7764860715069094,3912,3917,0.0005703005044966237,0.00032063114698805745,6.267038510954226e-05,0.0008460501989785429,13736.0,13754.0
0.7764860715069094,3024,3029,0.0005703005044966014,0.0002883859333774069,0.0002193463478833424,0.0009713909691974054,11072.0,11090.0
0.7764860715069094,3798,3803,0.0005640334659856805,0.0002447356774952601,0.0002193463478833424,0.0009087205840879742,13394.0,13412.0
0.7764860715069094,930,935,0.0005577664274747151,0.0009069359672986974,-0.0009400557766425788,0.0014727540500736325,4790.0,4808.0
0.7764860715069094,3828,3833,0.0005577664274746929,0.0003363245790743471,0.00018801115532851576,0.0010653965468617743,13484.0,13502.0
0.7764860715069094,492,497,0.0005577664274746708,0.0003392315007106881,0.0001253407702189735,0.0010653965468617743,3476.0,3494.0
0.7764860715069094,5478,5483,0.0005514993889637499,0.00045925036093283594,0.0,0.0011907373170808588,18434.0,18452.0
0.7764860715069094,252,257,0.0005514993889637499,0.00024130132934134703,0.0002193463478833424,0.000752044621314174,2756.0,2774.0
0.7764860715069094,186,191,0.0005514993889637277,0.0007938386214404073,-0.000501363080876116,0.0017234355905116905,2558.0,2576.0
0.7764860715069094,1896,1901,0.0005452323504527845,0.0008427361044387403,-0.0005640334659856583,0.0017234355905116905,7688.0,7706.0
0.7764860715069094,5238,5243,0.0005452323504527623,0.0004053034852130383,3.133519255471562e-05,0.001002726161752232,17714.0,17732.0
0.7764860715069094,5136,5141,0.0005452323504527623,0.0004603181381494245,0.00018801115532851576,0.001347413279854548,17408.0,17426.0
0.7764860715069094,2190,2195,0.0005452323504527179,0.0009265366586830961,-0.0003446871181024269,0.0019427819383949219,8570.0,8588.0
0.7764860715069094,4122,4127,0.0005389653119418414,0.00034780652211977134,-3.133519255471562e-05,0.0008460501989784319,14366.0,14384.0
0.7764860715069094,2220,2225,0.0005389653119418191,0.0005160326851186608,0.0,0.001253407702190401,8660.0,8678.0
0.7764860715069094,3996,4001,0.0005389653119418191,0.0005558796037201061,-0.00018801115532862678,0.001253407702190179,13988.0,14006.0
0.7764860715069094,4248,4253,0.000538965311941797,0.00018055162837573517,0.00031335192554748925,0.0008147150064236053,14744.0,14762.0
0.7764860715069094,2268,2273,0.0005326982734309204,0.0003660991271753838,3.133519255482664e-05,0.001002726161752343,8804.0,8822.0
0.7764860715069094,642,647,0.0005201641964090564,0.00035145739711863003,6.267038510965328e-05,0.0009713909691975164,3926.0,3944.0
0.7764860715069094,5028,5033,0.000520164196409012,0.0005264871876474019,-0.00018801115532851576,0.0012220725096355745,17084.0,17102.0
0.7764860715069094,4554,4559,0.0005201641964089898,0.00031067701708885695,0.0,0.0007833798138690007,15662.0,15680.0
0.7764860715069094,1428,1433,0.0005138971578980467,0.0002825385035277471,3.133519255471562e-05,0.0007207094287594584,6284.0,6302.0
0.7764860715069094,5778,5783,0.000507630119387148,0.00020714434720686957,0.0001880111553287378,0.000752044621314174,19334.0,19352.0
0.7764860715069094,1740,1745,0.0005076301193871035,0.00036367727615591397,9.400557766425788e-05,0.0008773853915332586,7220.0,7238.0
0.7764860715069094,3318,3323,0.0005076301193870592,0.0002106694615232173,0.00031335192554748925,0.0008147150064238273,11954.0,11972.0
0.7764860715069094,1176,1181,0.000470027888321356,0.0005186897301177403,-0.0003133519255476003,0.0011280669319713166,5528.0,5546.0
0.7764860715069094,1410,1415,0.0004637608498104795,0.00020113190907629876,0.00015667596277391116,0.0006580390436500272,6230.0,6248.0
0.7764860715069094,3636,3641,0.0004637608498104351,0.0006000505287382606,-0.0001253407702189735,0.0012220725096355745,12908.0,12926.0
0.7764860715069094,582,587,0.00045749381129949195,0.0005430127586170559,-0.0003133519255476003,0.0009400557766428008,3746.0,3764.0
0.7764860715069094,984,989,0.00045122677278852663,0.0003026726573131471,0.00018801115532862678,0.0008773853915332586,4952.0,4970.0
0.7764860715069094,4968,4973,0.0004324256572556751,0.0004946595371333058,-0.0003760223106570315,0.0009713909691974054,16904.0,16922.0
0.7764860715069094,54,59,0.0004324256572556751,9.759290259394239e-05,0.00028201673299277363,0.0005326982734309427,2162.0,2180.0
0.7764860715069094,4704,4709,0.0004324256572556306,0.00017918689506461456,0.0002193463478833424,0.0006893742362046318,16112.0,16130.0
0.7764860715069094,5394,5399,0.0004324256572556306,0.0005942956982782294,-0.00043869269576657377,0.0011594021245260322,18182.0,18200.0
0.7764860715069094,4686,4691,0.0004324256572556306,0.0006637589690690064,-0.0005953686585404849,0.0012220725096355745,16058.0,16076.0
0.7764860715069094,1746,1751,0.00042615861874468753,0.00023196509915483345,0.00015667596277380014,0.0007833798138688897,7238.0,7256.0
0.7764860715069094,5280,5285,0.0004198915802337666,0.0002919390768364111,9.40055776643689e-05,0.0007833798138688897,17840.0,17858.0
0.7764860715069094,2736,2741,0.0004198915802337444,0.0003930037814085185,-0.00015667596277380014,0.0009400557766426898,10208.0,10226.0
0.7764860715069094,2994,2999,0.0004198915802337222,0.00019137569623166122,0.0001253407702189735,0.0005953686585403739,10982.0,11000.0
0.7764860715069094,4722,4727,0.0004136245417228457,0.0009264836698261011,-0.0003133519255476003,0.0020367875160594018,16166.0,16184.0
0.7764860715069094,3672,3677,0.0004136245417228013,0.0003049350578310086,-6.267038510943124e-05,0.0006580390436499162,13016.0,13034.0
0.7764860715069094,2550,2555,0.00041362454172277907,0.00024007747700782514,6.267038510954226e-05,0.0007207094287594584,9650.0,9668.0
0.7764860715069094,1080,1085,0.00040735750321185815,0.000351736664065459,1.1102230246251565e-16,0.0009713909691975164,5240.0,5258.0
0.7764860715069094,2520,2525,0.00040735750321185815,0.00022812364520043377,0.00015667596277380014,0.0007520446213142851,9560.0,9578.0
0.7764860715069094,3426,3431,0.00040735750321185815,0.0003203247626400104,0.0,0.0007833798138690007,12278.0,12296.0
0.7764860715069094,1728,1733,0.000401090464700804,0.00017076961230141,0.00018801115532851576,0.0005640334659855473,7184.0,7202.0
0.7764860715069094,258,263,0.00039482342618988306,0.00021550777255722827,9.400557766425788e-05,0.0006580390436498051,2774.0,2792.0
0.7764860715069094,4524,4529,0.0003885563876790066,0.0005822783691507664,-0.000250681540438058,0.001253407702190401,15572.0,15590.0
0.7764860715069094,546,551,0.00038855638767898437,0.00019768508501970898,0.00021934634788323137,0.0007207094287593474,3638.0,3656.0
0.7764860715069094,5730,5735,0.00038855638767894,0.00041250731009337155,6.267038510943124e-05,0.001002726161752121,19190.0,19208.0
0.7764860715069094,3378,3383,0.0003822893491680412,0.00025591473053735456,0.00018801115532851576,0.0008147150064237163,12134.0,12152.0
0.7764860715069094,2676,2681,0.00038228934916801905,0.00017781168751430443,0.00018801115532851576,0.0006267038510950895,10028.0,10046.0
0.7764860715069094,2364,2369,0.00037602231065716476,0.00043588593185359364,-6.267038510943124e-05,0.0010653965468618853,9092.0,9110.0
0.7764860715069094,2922,2927,0.0003760223106571203,0.0005427414556979661,-0.0005640334659856583,0.0007833798138688897,10766.0,10784.0
0.7764860715069094,1332,1337,0.0003760223106571203,0.00027585649831824035,0.0001253407702189735,0.0006893742362047428,5996.0,6014.0
0.7764860715069094,3144,3149,0.0003760223106570759,3.8377616375546505e-05,0.0003446871181023159,0.0004386926957666848,11432.0,11450.0
0.7764860715069094,5952,5957,0.0003697552721461994,4.085609253414448e-05,0.0003133519255476003,0.0004073575032119692,19856.0,19874.0
0.7764860715069094,4350,4355,0.0003697552721461328,0.00018055162837575251,0.00015667596277380014,0.0006267038510952005,15050.0,15068.0
0.7764860715069094,5580,5585,0.0003697552721461328,0.0006593061529099393,-0.0002193463478833424,0.0012847428947451167,18740.0,18758.0
0.7764860715069094,4074,4079,0.0003634882336352563,0.0002453367484230741,0.00012534077021908452,0.0007520446213142851,14222.0,14240.0
0.7764860715069094,3894,3899,0.0003634882336352563,0.00026273022049016646,0.0,0.0005953686585404849,13682.0,13700.0
0.7764860715069094,2292,2297,0.00036348823363523407,0.00017105686164202034,0.0002193463478833424,0.0006580390436499162,8876.0,8894.0
0.7764860715069094,3204,3209,0.00036348823363523407,0.0001560480004761844,0.00015667596277380014,0.0005953686585404849,11612.0,11630.0
0.7764860715069094,2352,2357,0.00036348823363518967,0.0002512683883900573,-6.267038510954226e-05,0.0005640334659856583,9056.0,9074.0
0.7764860715069094,768,773,0.00036348823363516745,0.00028855612278936145,-1.1102230246251565e-16,0.0006893742362046318,4304.0,4322.0
0.7764860715069094,756,761,0.0003634882336351453,0.0002309044392810167,6.267038510954226e-05,0.0006893742362046318,4268.0,4286.0
0.7764860715069094,4536,4541,0.000357221195124291,0.0005137442805607064,-6.267038510943124e-05,0.00125340770219029,15608.0,15626.0
0.7764860715069094,2970,2975,0.00035722119512426875,0.00020500018467450604,0.00018801115532851576,0.0005953686585403739,10910.0,10928.0
0.7764860715069094,2460,2465,0.00035722119512424653,0.00031146613956165557,-0.00015667596277380014,0.0006267038510950895,9380.0,9398.0
0.7764860715069094,432,437,0.00035722119512420213,0.0005001866308835678,-6.267038510954226e-05,0.0011907373170807478,3296.0,3314.0
0.7764860715069094,1374,1379,0.0003509541566133256,0.00029261097433469263,-6.267038510954226e-05,0.0006893742362046318,6122.0,6140.0
0.7764860715069094,2634,2639,0.00035095415661330344,0.001005024705485838,-0.000752044621314174,0.0018174411681759484,9902.0,9920.0
0.7764860715069094,2202,2207,0.00035095415661330344,0.0002616066363519424,3.133519255471562e-05,0.0007207094287595694,8606.0,8624.0
0.7764860715069094,5022,5027,0.00035095415661330344,0.00018190612319368674,0.00012534077021908452,0.0005326982734309427,17066.0,17084.0
0.7764860715069094,1254,1259,0.0003509541566132812,0.0009659171582905382,-0.0012220725096355745,0.0012220725096354634,5762.0,5780.0
0.7764860715069094,624,629,0.0003446871181023825,0.00034110771561870584,6.267038510954226e-05,0.0009087205840880852,3872.0,3890.0
0.7764860715069094,5328,5333,0.0003446871181023159,0.00024272135782951197,0.0,0.0005640334659855473,17984.0,18002.0
0.7764860715069094,5670,5675,0.00033215304108047405,0.00013766103240991413,0.00012534077021908452,0.0004700278883214004,19010.0,19028.0
0.7764860715069094,3300,3305,0.00033215304108047405,0.00044070249720798774,-0.0001253407702189735,0.0010653965468617743,11900.0,11918.0
0.7764860715069094,2862,2867,0.00033215304108047405,0.0002061941387692686,6.267038510965328e-05,0.000501363080876227,10586.0,10604.0
0.7764860715069094,1776,1781,0.00033215304108047405,0.0004046973782712562,-0.00018801115532851576,0.0009400557766428008,7328.0,7346.0
0.7764860715069094,678,683,0.00033215304108042966,0.00034009873220860895,-6.267038510954226e-05,0.0007520446213142851,4034.0,4052.0
0.7764860715069094,3096,3101,0.00033215304108038526,0.0005608036571472497,-0.0003133519255476003,0.0008460501989784319,11288.0,11306.0
0.7764860715069094,3582,3587,0.00033215304108038526,0.00014797379065734274,0.00015667596277368911,0.0005326982734308316,12746.0,12764.0
0.7764860715069094,552,557,0.00032588600256950874,0.0003658308243711474,-0.00018801115532851576,0.0007207094287594584,3656.0,3674.0
0.7764860715069094,60,65,0.0003258860025694865,0.00015761321517828542,0.0001253407702189735,0.0005640334659856583,2180.0,2198.0
0.7764860715069094,2658,2663,0.0003258860025694865,0.0009755768230465797,-0.000752044621314174,0.001754770783066406,9974.0,9992.0
0.7764860715069094,4308,4313,0.00031335192554764467,0.00042215378013056863,-0.00028201673299277363,0.0008773853915332586,14924.0,14942.0
0.7764860715069094,1764,1769,0.00031335192554757805,0.0002355356183745074,3.133519255482664e-05,0.0005640334659856583,7292.0,7310.0
0.7764860715069094,2622,2627,0.0003133519255475559,0.0003241337521633584,3.133519255471562e-05,0.0007207094287594584,9866.0,9884.0
0.7764860715069094,2928,2933,0.0003008178485256252,0.0003268487402728003,-0.00018801115532862678,0.0006267038510952005,10784.0,10802.0
0.7764860715069094,3444,3449,0.0002945508100147487,0.0005026344610606536,-0.0003760223106570315,0.0007833798138688897,12332.0,12350.0
0.7764860715069094,4770,4775,0.00028828377150378335,0.0003690375839422949,-0.00018801115532851576,0.0005953686585404849,16310.0,16328.0
0.7764860715069094,4896,4901,0.0002882837715037612,0.00014764163807083286,3.133519255482664e-05,0.00040735750321185815,16688.0,16706.0
0.7764860715069094,5598,5603,0.00028201673299288466,0.0004018975131884249,-0.00021934634788323137,0.0007833798138691117,18794.0,18812.0
0.7764860715069094,2712,2717,0.00028201673299286243,0.000250681540438058,-6.267038510943124e-05,0.000501363080876116,10136.0,10154.0
0.7764860715069094,4620,4625,0.00028201673299277363,0.00016130777647020185,6.267038510954226e-05,0.000501363080876116,15860.0,15878.0
0.7764860715069094,3804,3809,0.00027574969448187494,0.0002369901971133217,3.133519255471562e-05,0.0005953686585404849,13412.0,13430.0
0.7764860715069094,2796,2801,0.00027574969448187494,0.00016491959222814486,0.0,0.0004386926957666848,10388.0,10406.0
0.7764860715069094,2196,2201,0.0002757496944818527,0.00022201597573302345,0.0001253407702189735,0.0006580390436499162,8588.0,8606.0
0.7764860715069094,1752,1757,0.0002694826559709762,0.00030104624759757625,-0.00018801115532851576,0.0005326982734310537,7256.0,7274.0
0.7764860715069094,3450,3455,0.0002694826559709318,0.00026273022049011946,-0.00018801115532851576,0.00043869269576657377,12350.0,12368.0
0.7764860715069094,4938,4943,0.0002632156174599665,0.0001989229498712247,6.267038510954226e-05,0.000501363080876116,16814.0,16832.0
0.7764860715069094,5706,5711,0.00025694857894904556,0.00020234868913556213,-9.400557766414686e-05,0.00040735750321185815,19118.0,19136.0
0.7764860715069094,468,473,0.00025694857894902333,0.0011196358529285194,-0.00109673173941649,0.0015354244351831747,3404.0,3422.0
0.7764860715069094,294,299,0.00025694857894900116,0.0003897422828498684,-0.0003133519255476003,0.0006580390436498051,2882.0,2900.0
0.7764860715069094,1482,1487,0.00025694857894897893,0.00027082744256361045,-9.400557766425788e-05,0.0006580390436499162,6446.0,6464.0
0.7764860715069094,3036,3041,0.0002569485789489567,0.0005259273924995741,-0.0003133519255477113,0.0009713909691974054,11108.0,11126.0
0.7764860715069094,3588,3593,0.0002506815404381024,9.909057939294827e-05,9.40055776643689e-05,0.0003446871181023159,12764.0,12782.0
0.7764860715069094,1008,1013,0.0002506815404381024,0.001212999833976499,-0.0018174411681759484,0.0012220725096356855,5024.0,5042.0
0.7764860715069094,3018,3023,0.00025068154043808024,0.00011932085836275899,6.267038510954226e-05,0.0003760223106570315,11054.0,11072.0
0.7764860715069094,4638,4643,0.0002444145019271371,0.00021527984253838297,0.0,0.000501363080876116,15914.0,15932.0
0.7764860715069094,3180,3185,0.00023814746341621618,0.0003335395378870351,-9.400557766425788e-05,0.0007207094287595694,11540.0,11558.0
0.7764860715069094,2706,2711,0.00023814746341619398,0.0004345322455663722,-0.0003133519255476003,0.0006893742362047428,10118.0,10136.0
0.7764860715069094,390,395,0.00023814746341617178,0.0005142218713309505,-0.000501363080876116,0.000752044621314174,3170.0,3188.0
0.7764860715069094,3918,3923,0.00023814746341614955,0.0012377599381544347,-0.0009713909691975164,0.002005452323504575,13754.0,13772.0
0.7764860715069094,4086,4091,0.00023188042490527306,7.213903069740276e-05,0.0001253407702189735,0.0003133519255477113,14258.0,14276.0
0.7764860715069094,1308,1313,0.00023188042490520643,0.0002276928164019019,-0.00015667596277380014,0.00043869269576657377,5924.0,5942.0
0.7764860715069094,1242,1247,0.00023188042490516204,0.0004201721001939664,-0.00018801115532862678,0.0007833798138688897,5726.0,5744.0
0.7764860715069094,5922,5927,0.00023188042490516204,0.0006033957272289184,-0.000501363080876116,0.0011280669319712056,19766.0,19784.0
0.7764860715069094,5892,5897,0.00022561338639430771,8.408114476855833e-05,9.40055776643689e-05,0.0003133519255476003,19676.0,19694.0
0.7764860715069094,1770,1775,0.00022561338639426332,0.0002500933154417951,-3.133519255471562e-05,0.0005640334659856583,7310.0,7328.0
0.7764860715069094,2040,2045,0.0002256133863941967,0.0005629007800417005,-0.0004386926957666848,0.0009087205840878632,8120.0,8138.0
0.7764860715069094,1194,1199,0.0002193463478833424,0.0001813655391656635,-6.267038510943124e-05,0.00043869269576657377,5582.0,5600.0
0.7764860715069094,5898,5903,0.0002193463478833424,5.862277734427161e-05,0.00015667596277380014,0.00028201673299288466,19694.0,19712.0
0.7764860715069094,1368,1373,0.0002193463478833424,0.0004209892157598468,-0.00021934634788323137,0.0007207094287594584,6104.0,6122.0
0.7764860715069094,4752,4757,0.0002193463478833424,0.0003248901913534876,-0.00015667596277380014,0.0006580390436499162,16256.0,16274.0
0.7764860715069094,168,173,0.0002193463478833202,7.988937914947178e-05,9.400557766425788e-05,0.00028201673299288466,2504.0,2522.0
0.7764860715069094,2472,2477,0.0002193463478833202,0.00031801747140950136,-0.00018801115532851576,0.0006893742362046318,9416.0,9434.0
0.7764860715069094,4260,4265,0.000219346347883298,0.0002740710006037856,-0.00012534077021908452,0.0005326982734308316,14780.0,14798.0
0.7764860715069094,3414,3419,0.00021307930937237708,0.00030088312309482795,-0.00028201673299277363,0.0005326982734308316,12242.0,12260.0
0.7764860715069094,2010,2015,0.00020681227086145616,0.00034225719727786906,-6.267038510943124e-05,0.0007833798138688897,8030.0,8048.0
0.7764860715069094,3558,3563,0.00020681227086143393,0.0003364705216193119,-0.00021934634788323137,0.0005953686585404849,12674.0,12692.0
0.7764860715069094,4182,4187,0.00020681227086141173,0.0003026726573131712,-0.00012534077021908452,0.0005326982734309427,14546.0,14564.0
0.7764860715069094,5148,5153,0.00020681227086141173,0.00039049735417352244,-0.0003446871181023159,0.0005326982734309427,17444.0,17462.0
0.7764860715069094,4434,4439,0.00020681227086134514,0.00035493244106528333,-0.0002820167329929957,0.0006267038510950895,15302.0,15320.0
0.7764860715069094,4290,4295,0.00020054523235044642,0.00045061706545290335,-0.000501363080876116,0.0005640334659856583,14870.0,14888.0
0.7764860715069094,1782,1787,0.00020054523235042422,0.000501656762292006,-0.0006267038510950895,0.0007207094287594584,7346.0,7364.0
0.7764860715069094,1020,1025,0.000200545232350402,0.00010533473076156116,6.267038510943124e-05,0.00031335192554748925,5060.0,5078.0
0.7764860715069094,4902,4907,0.0001942781938395033,8.110913487009698e-05,9.400557766425788e-05,0.0003133519255476003,16706.0,16724.0
0.7764860715069094,3906,3911,0.0001942781938395033,0.00030654083543124583,-0.00015667596277380014,0.00043869269576657377,13718.0,13736.0
0.7764860715069094,1542,1547,0.00019427819383948107,0.0006607937589367682,-0.0005326982734309427,0.0009713909691975164,6626.0,6644.0
0.7764860715069094,828,833,0.00018801115532860458,0.0004127452722188617,-0.0003133519255476003,0.0007520446213142851,4484.0,4502.0
0.7764860715069094,5196,5201,0.00018801115532858238,9.658154988512616e-05,6.267038510954226e-05,0.00028201673299288466,17588.0,17606.0
0.7764860715069094,4866,4871,0.00018801115532856015,0.0003005566084863838,-0.00015667596277391116,0.0006580390436499162,16598.0,16616.0
0.7764860715069094,774,779,0.00018801115532856015,0.0004347581526497169,-0.00040735750321174713,0.0006267038510950895,4322.0,4340.0
0.7764860715069094,4584,4589,0.00018801115532853795,7.98893791494609e-05,9.400557766425788e-05,0.00028201673299288466,15752.0,15770.0
0.7764860715069094,894,899,0.00018801115532853795,0.0005172680105041785,-0.0004386926957666848,0.0009087205840879742,4682.0,4700.0
0.7764860715069094,2280,2285,0.00018801115532849356,0.0001981811587859624,3.133519255471562e-05,0.0005326982734308316,8840.0,8858.0
0.7764860715069094,5100,5105,0.00018174411681763923,0.0002917708607021876,-0.0002193463478833424,0.0005953686585404849,17300.0,17318.0
0.7764860715069094,3438,3443,0.00018174411681763923,0.0003769351457699707,-0.0002193463478833424,0.0005953686585404849,12314.0,12332.0
0.7764860715069094,4176,4181,0.00018174411681761704,0.0005646424326567265,-0.0006580390436499162,0.0008460501989785429,14528.0,14546.0
0.7764860715069094,3294,3299,0.00018174411681757264,0.0006256846285448599,-0.000501363080876116,0.0009713909691974054,11882.0,11900.0
0.7764860715069094,3072,3077,0.00018174411681755044,0.00033559391434187584,-0.00018801115532862678,0.0005953686585403739,11216.0,11234.0
0.7764860715069094,1902,1907,0.00018174411681755044,0.0005429223393742812,-0.0003133519255477113,0.001002726161752232,7706.0,7724.0
0.7764860715069094,5442,5447,0.00017547707830669612,0.00025126838839003093,-6.267038510943124e-05,0.0005640334659856583,18326.0,18344.0
0.7764860715069094,5880,5885,0.00017547707830669612,0.00037313886244737536,-0.00015667596277368911,0.0007833798138690007,19640.0,19658.0
0.7764860715069094,1062,1067,0.00017547707830667392,0.00018351832124015871,-3.133519255471562e-05,0.00037602231065714253,5186.0,5204.0
0.7764860715069094,5106,5111,0.00017547707830665172,0.0002589659826577454,-0.0001253407702189735,0.0005326982734308316,17318.0,17336.0
0.7764860715069094,786,791,0.00017547707830665172,0.00035005772052190166,-0.0002193463478833424,0.0004700278883214004,4358.0,4376.0
0.7764860715069094,4578,4583,0.00017547707830665172,0.00017390326105992717,-0.00012534077021908452,0.0003133519255476003,15734.0,15752.0
0.7764860715069094,4236,4241,0.0001692100397957308,0.0004847342614070217,-0.0006580390436499162,0.0006267038510952005,14708.0,14726.0
0.7764860715069094,618,623,0.0001692100397957308,0.00022443524055360057,-3.133519255471562e-05,0.0004700278883214004,3854.0,3872.0
0.7764860715069094,1206,1211,0.0001692100397957086,0.0004522483622038245,-0.00028201673299277363,0.0007833798138690007,5618.0,5636.0
0.7764860715069094,5676,5681,0.0001692100397957086,0.000361782405850183,-0.000250681540438058,0.0006580390436499162,19028.0,19046.0
0.7764860715069094,1890,1895,0.00016921003979568637,0.0003698349293095513,-0.00043869269576657377,0.0005326982734308316,7670.0,7688.0
0.7764860715069094,5550,5555,0.00016921003979561978,0.00023511837160156948,-0.00018801115532862678,0.00040735750321174713,18650.0,18668.0
0.7764860715069094,3486,3491,0.00016294300128476545,0.00017642576079038508,-6.267038510954226e-05,0.0003446871181023159,12458.0,12476.0
0.7764860715069094,2652,2657,0.00016294300128472106,0.00026254329039140733,-9.400557766425788e-05,0.0005953686585403739,9956.0,9974.0
0.7764860715069094,2322,2327,0.00015667596277380014,9.135700020126397e-05,9.400557766425788e-05,0.0003133519255476003,8966.0,8984.0
0.7764860715069094,870,875,0.00015667596277371131,0.00034822973037458555,-0.00021934634788323137,0.0006580390436498051,4610.0,4628.0
0.7764860715069094,1662,1667,0.00015040892426290142,0.0004921720450674246,-0.00031335192554748925,0.0007833798138690007,6986.0,7004.0
0.7764860715069094,5448,5453,0.00015040892426290142,0.0002708274425636368,-0.00028201673299277363,0.0004386926957666848,18344.0,18362.0
0.7764860715069094,4476,4481,0.00015040892426287922,0.00021979353763985392,-9.400557766425788e-05,0.0004386926957666848,15428.0,15446.0
0.7764860715069094,816,821,0.00015040892426285702,9.504434486325843e-05,3.133519255471562e-05,0.00028201673299288466,4448.0,4466.0
0.7764860715069094,4344,4349,0.00015040892426283482,0.00023386216472337537,-0.00018801115532851576,0.00043869269576657377,15032.0,15050.0
0.7764860715069094,5466,5471,0.00015040892426283482,0.00028667848241106835,-0.0001253407702189735,0.0005326982734308316,18398.0,18416.0
0.7764860715069094,3162,3167,0.00015040892426283482,0.00017362072105026703,-6.267038510954226e-05,0.0003760223106570315,11486.0,11504.0
0.7764860715069094,1026,1031,0.00015040892426283482,0.0002471311898364772,-0.00015667596277380014,0.0005326982734308316,5078.0,5096.0
0.7764860715069094,4632,4637,0.00015040892426283482,0.0001805516283757448,-6.267038510954226e-05,0.0003760223106570315,15896.0,15914.0
0.7764860715069094,3870,3875,0.00015040892426283482,0.00012995607654139773,3.133519255471562e-05,0.0003446871181023159,13610.0,13628.0
0.7764860715069094,2868,2873,0.00015040892426283482,0.00018055162837576406,-0.00012534077021908452,0.0003133519255476003,10604.0,10622.0
0.7764860715069094,4914,4919,0.0001504089242628126,0.0004931685474950238,-0.0003446871181024269,0.000752044621314174,16742.0,16760.0
0.7764860715069094,5622,5627,0.0001441418857519139,0.00011849509855667664,0.0,0.00025068154043816904,18866.0,18884.0
0.7764860715069094,798,803,0.00014414188575189167,0.00019392408669528324,-3.133519255471562e-05,0.0004700278883214004,4394.0,4412.0
0.7764860715069094,4596,4601,0.00013787484724094856,0.00046614719447596765,-0.000501363080876116,0.0007833798138690007,15788.0,15806.0
0.7764860715069094,5934,5939,0.00013787484724094856,0.00017390326105987217,-9.400557766425788e-05,0.0003760223106570315,19802.0,19820.0
0.7764860715069094,4266,4271,0.00013787484724094856,0.001392672178175547,-0.0015667596277378903,0.0017861059756212327,14798.0,14816.0
0.7764860715069094,1926,1931,0.00013787484724092636,0.0002097352242745152,-3.133519255482664e-05,0.000501363080876116,7778.0,7796.0
0.7764860715069094,888,893,0.00013787484724092636,0.00022769281640187667,-0.00015667596277368911,0.00040735750321185815,4664.0,4682.0
0.7764860715069094,1110,1115,0.00013787484724090416,0.0003809514095304397,-0.0003446871181024269,0.0004700278883214004,5330.0,5348.0
0.7764860715069094,5916,5921,0.00013160780873004984,0.00016787008724942836,-0.00015667596277368911,0.00025068154043816904,19748.0,19766.0
0.7764860715069094,4956,4961,0.00013160780873002764,0.00016491959222816386,0.0,0.0004073575032119692,16868.0,16886.0
0.7764860715069094,5094,5099,0.00013160780873000544,0.0001974365807291372,-9.400557766425788e-05,0.0003446871181024269,17282.0,17300.0
0.7764860715069094,1506,1511,0.00013160780872998324,0.0002530207656840612,-0.00015667596277380014,0.0005326982734309427,6518.0,6536.0
0.7764860715069094,102,107,0.00013160780872993881,0.0001525480079545992,-3.133519255471562e-05,0.0003446871181023159,2306.0,2324.0
0.7764860715069094,3810,3815,0.00012534077021910672,0.00018931228611527247,-9.400557766414686e-05,0.00037602231065714253,13430.0,13448.0
0.7764860715069094,1530,1535,0.00012534077021904012,0.0004250512319823044,-0.0003133519255476003,0.0006580390436500272,6590.0,6608.0
0.7764860715069094,30,35,0.0001253407702190179,0.0002125256159911174,-0.00018801115532851576,0.0003446871181023159,2090.0,2108.0
0.7764860715069094,4452,4457,0.0001253407702190179,0.00041982142095617087,-0.00040735750321185815,0.0005953686585403739,15356.0,15374.0
0.7764860715069094,4614,4619,0.0001253407702189735,0.000407959658016858,-0.000501363080876227,0.000501363080876116,15842.0,15860.0
0.7764860715069094,1416,1421,0.0001253407702189735,0.0006168338822745967,-0.0005640334659856583,0.00109673173941649,6248.0,6266.0
0.7764860715069094,4974,4979,0.00011907373170811919,0.00013908025582781128,-9.400557766414686e-05,0.000250681540438058,16922.0,16940.0
0.7764860715069094,3090,3095,0.00011907373170811919,0.0003251922743488799,-0.0003446871181023159,0.0004386926957666848,11270.0,11288.0
0.7764860715069094,36,41,0.00011907373170809699,0.0003319164648103378,-0.00018801115532851576,0.0005640334659856583,2108.0,2126.0
0.7764860715069094,2238,2243,0.00011907373170809699,0.0002671773101531312,-0.00015667596277380014,0.000501363080876116,8714.0,8732.0
0.7764860715069094,450,455,0.00011280669319719827,0.0003985856200584528,-0.0005326982734308316,0.0005326982734308316,3350.0,3368.0
0.7764860715069094,4782,4787,0.00011280669319717607,0.0003638122463873859,-0.0001253407702189735,0.0007520446213142851,16346.0,16364.0
0.7764860715069094,4674,4679,0.00011280669319717607,0.0001284360701402414,0.0,0.00025068154043816904,16022.0,16040.0
0.7764860715069094,4194,4199,0.00011280669319715386,0.00027550032451137277,-0.000250681540437947,0.0003760223106570315,14582.0,14600.0
0.7764860715069094,3330,3335,0.00011280669319708725,0.00036110325675146746,-0.0003133519255476003,0.0006267038510950895,11990.0,12008.0
0.7764860715069094,2400,2405,0.00011280669319708725,0.0004107181995503055,-0.0003133519255477113,0.0007833798138688897,9200.0,9218.0
0.7764860715069094,4386,4391,0.00010653965468621074,0.0001512552049151454,-3.133519255471562e-05,0.00031335192554748925,15158.0,15176.0
0.7764860715069094,438,443,0.00010653965468618854,0.00025321472567087206,-0.000250681540438058,0.00040735750321185815,3314.0,3332.0
0.7764860715069094,2670,2675,0.00010653965468618854,0.000678824713341988,-0.0010340613543069477,0.0007833798138690007,10010.0,10028.0
0.7764860715069094,2976,2981,0.00010653965468618854,0.00045441431502639277,-0.0006893742362046318,0.00040735750321185815,10928.0,10946.0
0.7764860715069094,4128,4133,0.00010653965468616633,0.00016221826974012533,-3.133519255471562e-05,0.0003760223106570315,14384.0,14402.0
0.7764860715069094,3594,3599,0.00010653965468616633,8.171218506815697e-05,-3.133519255471562e-05,0.00018801115532851576,12782.0,12800.0
0.7764860715069094,4950,4955,0.00010653965468616633,0.0001821758136652493,-0.00012534077021908452,0.0003760223106570315,16850.0,16868.0
0.7764860715069094,1572,1577,0.00010653965468616633,0.0006623521494370749,-0.0009400557766428008,0.0008773853915332586,6716.0,6734.0
0.7764860715069094,1074,1079,0.00010653965468614413,0.000997473551796345,-0.0007520446213142851,0.0017861059756211217,5222.0,5240.0
0.7764860715069094,2004,2009,0.00010653965468609972,0.00010056595453814072,-3.133519255482664e-05,0.000250681540437947,8012.0,8030.0
0.7764860715069094,1680,1685,0.00010027261617526762,0.00019367075662405172,-0.0001253407702189735,0.00028201673299277363,7040.0,7058.0
0.7764860715069094,1056,1061,0.00010027261617524541,0.00036028658795610316,-0.0003446871181023159,0.0004700278883214004,5168.0,5186.0
0.7764860715069094,4758,4763,0.00010027261617524541,0.0002011319090763091,-0.00018801115532851576,0.0003133519255476003,16274.0,16292.0
0.7764860715069094,4014,4019,0.00010027261617524541,0.00013908025582787256,-0.00012534077021908452,0.0002193463478833424,14042.0,14060.0
0.7764860715069094,1584,1589,0.00010027261617522321,0.0003370536598759402,-0.00025068154043816904,0.0006267038510952005,6752.0,6770.0
0.7764860715069094,1386,1391,0.00010027261617522321,9.759290259390139e-05,0.0,0.000250681540438058,6158.0,6176.0
0.7764860715069094,4986,4991,0.000100272616175201,0.00019239910297382893,-0.00012534077021908452,0.0003446871181023159,16958.0,16976.0
0.7764860715069094,1152,1157,0.0001002726161751788,0.00041417017382946086,-0.0005640334659856583,0.0005640334659856583,5456.0,5474.0
0.7764860715069094,5340,5345,9.400557766432449e-05,0.0001687451761706387,-6.267038510943124e-05,0.0003133519255476003,18020.0,18038.0
0.7764860715069094,4470,4475,9.400557766430229e-05,0.0002640350256377037,-0.00031335192554748925,0.0003446871181024269,15410.0,15428.0
0.7764860715069094,4740,4745,9.400557766430229e-05,0.0001597787582989109,-9.400557766425788e-05,0.00028201673299288466,16220.0,16238.0
0.7764860715069094,4854,4859,9.400557766430229e-05,0.0003727439367458728,-0.0003446871181023159,0.0005953686585404849,16562.0,16580.0
0.7764860715069094,5376,5381,9.400557766430229e-05,0.0001643231360526912,-6.267038510943124e-05,0.0003446871181023159,18128.0,18146.0
0.7764860715069094,2502,2507,9.400557766428008e-05,0.000215962910915417,-0.00021934634788323137,0.0003133519255476003,9506.0,9524.0
0.7764860715069094,3786,3791,9.400557766423568e-05,0.00030299689164000384,-0.0003133519255476003,0.0004700278883214004,13358.0,13376.0
0.7764860715069094,3384,3389,8.773853915333696e-05,0.000590982063875251,-0.0006267038510952005,0.0006580390436499162,12152.0,12170.0
0.7764860715069094,4026,4031,8.773853915329255e-05,0.00020234868913563176,-0.0002193463478833424,0.0003133519255476003,14078.0,14096.0
0.7764860715069094,3216,3221,8.773853915329255e-05,7.145523298335522e-05,0.0,0.00018801115532851576,11648.0,11666.0
0.7764860715069094,2664,2669,8.773853915327035e-05,0.0003478065221197768,-0.0002193463478833424,0.0006580390436498051,9992.0,10010.0
0.7764860715069094,4368,4373,8.147150064239384e-05,0.00019008868972647292,-0.00018801115532851576,0.0003133519255476003,15104.0,15122.0
0.7764860715069094,834,839,8.147150064239384e-05,0.00026459225810904376,-0.0003446871181023159,0.0003133519255476003,4502.0,4520.0
0.7764860715069094,4428,4433,8.147150064237163e-05,0.00033937619318931373,-0.000250681540438058,0.0005326982734309427,15284.0,15302.0
0.7764860715069094,5928,5933,8.147150064237163e-05,4.752217243166582e-05,3.133519255471562e-05,0.00012534077021908452,19784.0,19802.0
0.7764860715069094,3648,3653,8.147150064237163e-05,0.0004282731065903242,-0.0004700278883214004,0.0004700278883214004,12944.0,12962.0
0.7764860715069094,144,149,7.520446213142851e-05,0.0006347213783934103,-0.0006267038510950895,0.0010653965468617743,2432.0,2450.0
0.7764860715069094,5616,5621,7.520446213142851e-05,0.00027100865867122,-0.00015667596277380014,0.0005326982734308316,18848.0,18866.0
0.7764860715069094,3054,3059,7.520446213142851e-05,0.0005737849390289379,-0.0009400557766428008,0.0004386926957666848,11162.0,11180.0
0.7764860715069094,3288,3293,7.52044621313841e-05,0.0003238306817350377,-0.00028201673299277363,0.0005326982734308316,11864.0,11882.0
0.7764860715069094,3402,3407,6.893742362050759e-05,0.00020355819595667917,-0.00018801115532851576,0.0003133519255476003,12206.0,12224.0
0.7764860715069094,4080,4085,6.893742362048538e-05,0.00010250009233729799,-6.267038510954226e-05,0.0002193463478833424,14240.0,14258.0
0.7764860715069094,1758,1763,6.893742362048538e-05,0.00018055162837576986,-0.0002193463478833424,0.0002193463478833424,7274.0,7292.0
0.7764860715069094,4002,4007,6.893742362048538e-05,0.00019743658072916273,-9.400557766425788e-05,0.00037602231065714253,14006.0,14024.0
0.7764860715069094,5496,5501,6.893742362048538e-05,0.00017642576079037129,-0.00018801115532851576,0.000250681540438058,18488.0,18506.0
0.7764860715069094,1086,1091,6.893742362046318e-05,0.00045538563280379156,-0.0005326982734308316,0.0007207094287594584,5258.0,5276.0
0.7764860715069094,5124,5129,6.267038510956446e-05,0.00011724555468851354,-6.267038510943124e-05,0.00018801115532862678,17372.0,17390.0
0.7764860715069094,4416,4421,6.267038510954226e-05,0.00010626280799558122,-9.400557766425788e-05,0.00015667596277380014,15248.0,15266.0
0.7764860715069094,2898,2903,6.267038510954226e-05,0.0009348186563579631,-0.0010653965468617743,0.001504089242628348,10694.0,10712.0
0.7764860715069094,3888,3893,6.267038510952006e-05,0.0001347777593307123,-0.00015667596277380014,0.00018801115532851576,13664.0,13682.0
0.7764860715069094,1326,1331,6.267038510952006e-05,0.00027227379433120976,-0.00037602231065714253,0.000250681540438058,5978.0,5996.0
0.7764860715069094,684,689,6.267038510949785e-05,0.00029644483327204596,-0.00031335192554748925,0.0004700278883212894,4052.0,4070.0
0.7764860715069094,4518,4523,6.267038510949785e-05,0.0001519029817759975,-9.40055776643689e-05,0.0003133519255476003,15554.0,15572.0
0.7764860715069094,2124,2129,6.267038510949785e-05,0.0002888962008364853,-0.00018801115532862678,0.0005326982734309427,8372.0,8390.0
0.7764860715069094,4560,4565,5.6403346598643546e-05,9.242553945885805e-05,-6.267038510943124e-05,0.00018801115532862678,15680.0,15698.0
0.7764860715069094,1200,1205,5.6403346598599134e-05,0.0002023486891356412,-0.00018801115532851576,0.0003446871181024269,5600.0,5618.0
0.7764860715069094,2646,2651,5.640334659857693e-05,0.00022311889347815606,-0.00018801115532851576,0.0004073575032119692,9938.0,9956.0
0.7764860715069094,4512,4517,5.640334659857693e-05,4.6477601523516465e-05,0.0,0.00012534077021908452,15536.0,15554.0
0.7764860715069094,1788,1793,5.640334659857693e-05,0.00024109778537488653,-0.0003446871181023159,0.00028201673299288466,7364.0,7382.0
0.7764860715069094,2430,2435,5.640334659855473e-05,0.000295947581314632,-0.000250681540438058,0.000501363080876116,9290.0,9308.0
0.7764860715069094,2700,2705,5.640334659848811e-05,0.0001116694117206535,-3.133519255482664e-05,0.00021934634788323137,10100.0,10118.0
0.7764860715069094,4848,4853,5.640334659848811e-05,0.00021066946152318837,-0.00025068154043816904,0.0003446871181023159,16544.0,16562.0
0.7764860715069094,5790,5795,5.013630808765601e-05,0.0003200180849606777,-0.0002193463478833424,0.0005640334659856583,19370.0,19388.0
0.7764860715069094,324,329,5.013630808765601e-05,0.00016221826974014894,-0.00021934634788323137,0.0002193463478833424,2972.0,2990.0
0.7764860715069094,5694,5699,5.013630808765601e-05,0.0002512683883900891,-0.0003133519255476003,0.0003133519255476003,19082.0,19100.0
0.7764860715069094,2790,2795,5.013630808763381e-05,0.0003549324410652799,-0.000501363080876116,0.0004386926957666848,10370.0,10388.0
0.7764860715069094,5208,5213,5.013630808763381e-05,0.00023822991017762921,-0.00015667596277380014,0.00040735750321185815,17624.0,17642.0
0.7764860715069094,474,479,5.013630808763381e-05,0.0002330209311888775,-0.00018801115532851576,0.0003446871181023159,3422.0,3440.0
0.7764860715069094,3750,3755,5.0136308087611604e-05,4.752217243165118e-05,0.0,0.00012534077021908452,13250.0,13268.0
0.7764860715069094,2274,2279,5.0136308087611604e-05,0.00019518580518783842,-0.0001253407702189735,0.00037602231065714253,8822.0,8840.0
0.7764860715069094,2808,2813,5.0136308087611604e-05,0.00018879290986609213,-0.0001253407702189735,0.0003446871181023159,10424.0,10442.0
0.7764860715069094,3834,3839,5.0136308087611604e-05,0.0001666961561528879,-0.0001253407702189735,0.00028201673299277363,13502.0,13520.0
0.7764860715069094,3630,3635,5.0136308087611604e-05,0.00011849509855659002,-0.0001253407702189735,0.00015667596277380014,12890.0,12908.0
0.7764860715069094,4710,4715,4.386926957671289e-05,0.00021777395235660863,-0.00015667596277368911,0.00040735750321185815,16130.0,16148.0
0.7764860715069094,4218,4223,4.3869269576690685e-05,0.00010056595453815456,-9.400557766425788e-05,0.00012534077021908452,14654.0,14672.0
0.7764860715069094,2250,2255,4.386926957666848e-05,0.0001794606719929324,-0.00018801115532851576,0.0003133519255476003,8750.0,8768.0
0.7764860715069094,4104,4109,4.386926957666848e-05,2.8027048256211626e-05,0.0,6.267038510954226e-05,14312.0,14330.0
0.7764860715069094,150,155,4.3869269576646273e-05,0.00040409036221294954,-0.000250681540438058,0.000752044621314174,2450.0,2468.0
0.7764860715069094,4806,4811,4.3869269576646273e-05,0.0005026344610607103,-0.00028201673299288466,0.0009087205840879742,16418.0,16436.0
0.7764860715069094,3570,3575,4.386926957662407e-05,0.0001622182697401843,-9.40055776643689e-05,0.000250681540438058,12710.0,12728.0
0.7764860715069094,1440,1445,3.760223106574756e-05,0.0002926109743346861,-0.000250681540438058,0.0004700278883214004,6320.0,6338.0
0.7764860715069094,5544,5549,3.760223106574756e-05,0.00018190612319370875,-0.0001253407702189735,0.0003446871181024269,18632.0,18650.0
0.7764860715069094,5010,5015,3.760223106570315e-05,4.6477601523512724e-05,-3.133519255482664e-05,9.400557766425788e-05,17030.0,17048.0
0.7764860715069094,2844,2849,3.760223106570315e-05,0.00011384640820094713,-0.00012534077021908452,0.00015667596277368911,10532.0,10550.0
0.7764860715069094,4380,4385,3.760223106570315e-05,0.00029344868281748867,-0.0003760223106570315,0.0004386926957666848,15140.0,15158.0
0.7764860715069094,306,311,3.760223106570315e-05,3.4325983612011896e-05,0.0,6.267038510954226e-05,2918.0,2936.0
0.7764860715069094,3150,3155,3.760223106568095e-05,0.00016342437013639057,-0.0002193463478833424,0.0002193463478833424,11450.0,11468.0
0.7764860715069094,3510,3515,3.760223106568095e-05,0.0005676774672118622,-0.0009400557766428008,0.0005326982734309427,12530.0,12548.0
0.7764860715069094,2262,2267,3.760223106568095e-05,0.00024910985384447344,-0.00021934634788323137,0.00040735750321174713,8786.0,8804.0
0.7764860715069094,1188,1193,3.760223106563654e-05,0.00012995607654136025,-0.00015667596277380014,0.00015667596277368911,5564.0,5582.0
0.7764860715069094,4680,4685,3.133519255482664e-05,0.00029644483327207236,-0.00040735750321174713,0.00028201673299288466,16040.0,16058.0
0.7764860715069094,5178,5183,3.133519255482664e-05,0.00017586833203277031,-0.00015667596277380014,0.00021934634788345342,17534.0,17552.0
0.7764860715069094,4242,4247,3.1335192554804435e-05,0.0002811449635716953,-0.000250681540438058,0.0004386926957666848,14726.0,14744.0
0.7764860715069094,3768,3773,3.133519255478223e-05,3.8377616375501185e-05,-3.133519255471562e-05,6.267038510954226e-05,13304.0,13322.0
0.7764860715069094,3372,3377,3.133519255478223e-05,0.000254568307731521,-0.000250681540437947,0.0004386926957666848,12116.0,12134.0
0.7764860715069094,318,323,3.133519255478223e-05,4.954528969649608e-05,-3.133519255482664e-05,9.400557766425788e-05,2954.0,2972.0
0.7764860715069094,3930,3935,3.133519255476003e-05,0.0005476939896891134,-0.0005953686585403739,0.0005326982734308316,13790.0,13808.0
0.7764860715069094,1938,1943,3.133519255476003e-05,0.0001365869377225654,-9.400557766425788e-05,0.000250681540438058,7814.0,7832.0
0.7764860715069094,5382,5387,3.1335192554737824e-05,8.862930858102027e-05,-6.267038510954226e-05,0.0001253407702189735,18146.0,18164.0
0.7764860715069094,5910,5915,3.1335192554737824e-05,0.0006452311058808491,-0.0006267038510952005,0.001096731739416601,19730.0,19748.0
0.7764860715069094,1398,1403,3.1335192554737824e-05,0.0003345683029496043,-0.00043869269576657377,0.00043869269576657377,6194.0,6212.0
0.7764860715069094,5220,5225,2.5068154043839107e-05,7.481174685118494e-05,-6.267038510943124e-05,0.00012534077021908452,17660.0,17678.0
0.7764860715069094,5490,5495,2.5068154043839107e-05,5.1488975418000954e-05,-3.133519255471562e-05,9.400557766425788e-05,18470.0,18488.0
0.7764860715069094,5958,5963,2.5068154043839107e-05,4.085609253411467e-05,-3.133519255471562e-05,6.267038510965328e-05,19874.0,19892.0
0.7764860715069094,444,449,2.5068154043839107e-05,0.00033191646481035353,-0.0003446871181023159,0.0005326982734309427,3332.0,3350.0
0.7764860715069094,5430,5435,2.5068154043816905e-05,7.802400023808663e-05,-3.133519255482664e-05,0.00015667596277380014,18290.0,18308.0
0.7764860715069094,3966,3971,2.5068154043816905e-05,0.0012027163720629323,-0.0015354244351831747,0.0010653965468617743,13898.0,13916.0
0.7764860715069094,5406,5411,2.50681540437947e-05,6.027444634368411e-05,-3.133519255471562e-05,0.0001253407702189735,18218.0,18236.0
0.7764860715069094,5070,5075,2.50681540437947e-05,0.000194934114812114,-0.00028201673299288466,0.000250681540438058,17210.0,17228.0
0.7764860715069094,4374,4379,2.5068154043772493e-05,0.00014083417450100634,-0.00015667596277391116,0.0002193463478833424,15122.0,15140.0
0.7764860715069094,4668,4673,1.8801115532895986e-05,0.00032078422942550795,-0.000501363080876116,0.0003133519255477113,16004.0,16022.0
0.7764860715069094,4860,4865,1.8801115532851574e-05,0.000285992647738675,-0.000250681540438058,0.0004700278883214004,16580.0,16598.0
0.7764860715069094,576,581,1.8801115532851574e-05,0.0003992010065914391,-0.0006580390436499162,0.0003446871181023159,3728.0,3746.0
0.7764860715069094,3642,3647,1.8801115532851574e-05,0.00011849509855660616,-9.400557766425788e-05,0.00018801115532851576,12926.0,12944.0
0.7764860715069094,3708,3713,1.8801115532851574e-05,0.0005559679156761507,-0.0006267038510950895,0.0008147150064237163,13124.0,13142.0
0.7764860715069094,4884,4889,1.8801115532851574e-05,0.0001964394199060972,-0.00015667596277380014,0.0003133519255476003,16652.0,16670.0
0.7764860715069094,1038,1043,1.8801115532829372e-05,2.802704825615577e-05,0.0,6.267038510943124e-05,5114.0,5132.0
0.7764860715069094,1644,1649,1.2534077021908453e-05,0.0001376610324098939,-0.00018801115532851576,0.00015667596277380014,6932.0,6950.0
0.7764860715069094,1032,1037,1.2534077021886247e-05,0.0004423703566967755,-0.000752044621314174,0.0003446871181024269,5096.0,5114.0
0.7764860715069094,4032,4037,6.2670385109875324e-06,0.0001999077229685109,-0.00021934634788323137,0.0003133519255476003,14096.0,14114.0
0.7764860715069094,4800,4805,6.267038510965328e-06,6.0274446343750486e-05,-6.267038510954226e-05,9.40055776643689e-05,16400.0,16418.0
0.7764860715069094,3900,3905,6.267038510943123e-06,0.0002141365532951337,-0.0003133519255476003,0.00021934634788323137,13700.0,13718.0
0.7764860715069094,5850,5855,6.267038510920919e-06,0.00017076961230140593,-0.00012534077021908452,0.00028201673299277363,19550.0,19568.0
0.7764860715069094,858,863,6.267038510920919e-06,0.00027532206481987244,-0.0003446871181024269,0.00028201673299288466,4574.0,4592.0
0.7764860715069094,3690,3695,6.267038510920919e-06,0.00019618933779337055,-0.00018801115532862678,0.0002193463478833424,13070.0,13088.0
0.7764860715069094,2568,2573,6.26703851087651e-06,0.0015413921043739046,-0.0020367875160592908,0.0020367875160592908,9704.0,9722.0
0.7764860715069094,2346,2351,2.2204460492503132e-17,0.00014529531061782065,-0.00021934634788323137,0.00012534077021908452,9038.0,9056.0
0.7764860715069094,2100,2105,2.2204460492503132e-17,0.0002695555186614214,-0.00028201673299277363,0.00040735750321185815,8300.0,8318.0
0.7764860715069094,1908,1913,2.2204460492503132e-17,0.0005765164507558942,-0.0009400557766426898,0.00043869269576657377,7724.0,7742.0
0.7764860715069094,5754,5759,2.2204460492503132e-17,0.0001643231360527018,-0.00021934634788323137,0.00018801115532851576,19262.0,19280.0
0.7764860715069094,5940,5945,0.0,0.0,0.0,0.0,19820.0,19838.0
0.7764860715069094,5424,5429,0.0,0.0,0.0,0.0,18272.0,18290.0
0.7764860715069094,4728,4733,0.0,0.0,0.0,0.0,16184.0,16202.0
0.7764860715069094,5316,5321,0.0,0.0,0.0,0.0,17948.0,17966.0
0.7764860715069094,5166,5171,0.0,0.0,0.0,0.0,17498.0,17516.0
0.7764860715069094,5682,5687,0.0,0.0,0.0,0.0,19046.0,19064.0
0.7764860715069094,3840,3845,0.0,0.0,0.0,0.0,13520.0,13538.0
0.7764860715069094,5520,5525,0.0,0.0,0.0,0.0,18560.0,18578.0
0.7764860715069094,1164,1169,-2.2204460492503132e-17,9.135700020122589e-05,-0.00012534077021908452,9.400557766414686e-05,5492.0,5510.0
0.7764860715069094,5868,5873,-2.2204460492503132e-17,6.267038510954226e-05,-9.40055776643689e-05,6.267038510954226e-05,19604.0,19622.0
0.7764860715069094,4446,4451,-2.2204460492503132e-17,0.0002054785988250055,-0.00015667596277391116,0.0003446871181023159,15338.0,15356.0
0.7764860715069094,1272,1277,-6.267038510898715e-06,0.00012014094264207639,-0.00015667596277380014,0.00012534077021908452,5816.0,5834.0
0.7764860715069094,4890,4895,-6.267038510920919e-06,4.0856092534042294e-05,-6.267038510943124e-05,3.133519255471562e-05,16670.0,16688.0
0.7764860715069094,5832,5837,-6.267038510920919e-06,0.00017362072105027906,-0.00021934634788323137,0.00018801115532851576,19496.0,19514.0
0.7764860715069094,5460,5465,-6.267038510920919e-06,4.6477601523467825e-05,-6.267038510943124e-05,6.267038510954226e-05,18380.0,18398.0
0.7764860715069094,1068,1073,-6.267038510943123e-06,0.0003663672334926968,-0.00040735750321185815,0.0004700278883214004,5204.0,5222.0
0.7764860715069094,5322,5327,-6.267038510943123e-06,4.64776015235015e-05,-6.267038510954226e-05,6.267038510954226e-05,17966.0,17984.0
0.7764860715069094,4572,4577,-6.267038510943123e-06,0.000792229027321025,-0.0010653965468617743,0.0010340613543069477,15716.0,15734.0
0.7764860715069094,918,923,-6.267038510965328e-06,0.00011598254957743022,-0.00015667596277380014,0.00015667596277380014,4754.0,4772.0
0.7764860715069094,4872,4877,-6.267038510965328e-06,5.605409651240153e-05,-6.267038510954226e-05,6.267038510954226e-05,16616.0,16634.0
0.7764860715069094,2934,2939,-1.2534077021864043e-05,0.000311466139561698,-0.00037602231065714253,0.0004386926957666848,10802.0,10820.0
0.7764860715069094,2688,2693,-1.2534077021886247e-05,0.00017248593293667477,-0.000250681540438058,0.00021934634788323137,10064.0,10082.0
0.7764860715069094,1842,1847,-1.2534077021908453e-05,0.00011427683093916744,-9.400557766425788e-05,0.00018801115532851576,7526.0,7544.0
0.7764860715069094,5736,5741,-1.2534077021930657e-05,0.00010989676881995188,-0.00012534077021908452,0.00012534077021908452,19208.0,19226.0
0.7764860715069094,1146,1151,-1.8801115532784964e-05,0.0004927701883447855,-0.0005326982734308316,0.0006580390436500272,5438.0,5456.0
0.7764860715069094,2508,2513,-1.8801115532807166e-05,0.0004739803942265773,-0.0007207094287594584,0.0005326982734310537,9524.0,9542.0
0.7764860715069094,222,227,-1.8801115532829372e-05,0.0004791313865457965,-0.0007207094287593474,0.0006267038510950895,2666.0,2684.0
0.7764860715069094,5436,5441,-1.8801115532829372e-05,0.00011427683093917808,-0.00018801115532851576,0.00012534077021908452,18308.0,18326.0
0.7764860715069094,5760,5765,-1.8801115532829372e-05,9.2955203047003e-05,-0.00012534077021908452,0.00012534077021908452,19280.0,19298.0
0.7764860715069094,4488,4493,-1.8801115532851574e-05,9.027581418790804e-05,-9.40055776643689e-05,0.00012534077021908452,15464.0,15482.0
0.7764860715069094,3360,3365,-1.880111553287378e-05,0.0001265103828420629,-0.00015667596277391116,0.0001253407702189735,12080.0,12098.0
0.7764860715069094,5484,5489,-1.880111553287378e-05,0.00015125520491517417,-0.00015667596277380014,0.00021934634788323137,18452.0,18470.0
0.7764860715069094,3942,3947,-2.5068154043728085e-05,5.148897541800095e-05,-9.400557766414686e-05,3.133519255482664e-05,13826.0,13844.0
0.7764860715069094,2088,2093,-2.5068154043772493e-05,0.0003808225137697795,-0.0003760223106570315,0.0005640334659856583,8264.0,8282.0
0.7764860715069094,3270,3275,-2.5068154043772493e-05,0.000517457798810142,-0.0006267038510952005,0.0007833798138690007,11810.0,11828.0
0.7764860715069094,5532,5537,-2.50681540437947e-05,0.0001355043293356835,-0.00018801115532862678,9.40055776643689e-05,18596.0,18614.0
0.7764860715069094,1962,1967,-2.5068154043816905e-05,0.00024109778537484902,-0.00028201673299277363,0.0003446871181023159,7886.0,7904.0
0.7764860715069094,5058,5063,-2.5068154043816905e-05,0.0002071443472069418,-0.0003133519255476003,0.00018801115532851576,17174.0,17192.0
0.7764860715069094,5814,5819,-2.5068154043816905e-05,0.0004310155451145671,-0.000501363080876227,0.0005640334659856583,19442.0,19460.0
0.7764860715069094,5718,5723,-2.5068154043839107e-05,0.0001280532494075079,-0.00018801115532862678,0.00012534077021908452,19154.0,19172.0
0.7764860715069094,1800,1805,-2.5068154043861313e-05,0.0005775374370057632,-0.0009400557766429118,0.000501363080876116,7400.0,7418.0
0.7764860715069094,2082,2087,-3.133519255471562e-05,0.00014013524128090297,-0.000250681540437947,0.0001253407702189735,8246.0,8264.0
0.7764860715069094,780,785,-3.133519255471562e-05,0.0010561401025508492,-0.0017234355905116905,0.00109673173941649,4340.0,4358.0
0.7764860715069094,3660,3665,-3.1335192554737824e-05,0.00013294396287155005,-0.000250681540438058,6.267038510954226e-05,12980.0,12998.0
0.7764860715069094,702,707,-3.1335192554737824e-05,0.0003792723478491679,-0.0004700278883214004,0.000501363080876116,4106.0,4124.0
0.7764860715069094,2766,2771,-3.1335192554737824e-05,8.581495903007028e-05,-0.00015667596277380014,6.267038510954226e-05,10298.0,10316.0
0.7764860715069094,3654,3659,-3.133519255476003e-05,0.00012919830870230194,-0.00012534077021908452,0.0001253407702189735,12962.0,12980.0
0.7764860715069094,726,731,-3.133519255476003e-05,0.0005436452722369158,-0.000752044621314174,0.000752044621314174,4178.0,4196.0
0.7764860715069094,4020,4025,-3.133519255476003e-05,0.0009234582789641844,-0.001096731739416601,0.001347413279854659,14060.0,14078.0
0.7764860715069094,1860,1865,-3.133519255478223e-05,0.00017863808245842944,-0.00025068154043816904,0.00021934634788323137,7580.0,7598.0
0.7764860715069094,3744,3749,-3.133519255478223e-05,0.00024373059859777812,-0.0002193463478833424,0.0003760223106570315,13232.0,13250.0
0.7764860715069094,966,971,-3.760223106568095e-05,0.00021066946152310085,-0.000250681540437947,0.00018801115532851576,4898.0,4916.0
0.7764860715069094,4050,4055,-3.760223106568095e-05,0.00012995607654141112,-0.00018801115532851576,0.00012534077021908452,14150.0,14168.0
0.7764860715069094,5628,5633,-3.760223106568095e-05,0.00018853268519405982,-0.0002193463478833424,0.0002193463478833424,18884.0,18902.0
0.7764860715069094,1458,1463,-3.760223106570315e-05,0.00019990772296854138,-0.0003133519255476003,0.0002193463478833424,6374.0,6392.0
0.7764860715069094,5286,5291,-3.760223106570315e-05,0.00019743658072914335,-0.0002193463478833424,0.0002193463478833424,17858.0,17876.0
0.7764860715069094,2760,2765,-3.760223106570315e-05,0.00018983024135445003,-0.0002193463478833424,0.000250681540438058,10280.0,10298.0
0.7764860715069094,1656,1661,-3.7602231065725354e-05,0.00043723542713143787,-0.0005953686585403739,0.0006267038510952005,6968.0,6986.0
0.7764860715069094,1848,1853,-3.7602231065725354e-05,0.0014964646045852637,-0.002600820982044949,0.0011280669319713166,7544.0,7562.0
0.7764860715069094,3822,3827,-4.386926957662407e-05,0.00013586615729436563,-0.00021934634788323137,0.00015667596277380014,13466.0,13484.0
0.7764860715069094,156,161,-4.386926957662407e-05,0.00013033330832628285,-0.00018801115532851576,0.00015667596277380014,2468.0,2486.0
0.7764860715069094,4458,4463,-4.3869269576646273e-05,0.00044788503429590246,-0.0005953686585403739,0.00043869269576657377,15374.0,15392.0
0.7764860715069094,2418,2423,-4.3869269576646273e-05,0.00022333882344132726,-0.00037602231065714253,0.00018801115532851576,9254.0,9272.0
0.7764860715069094,4962,4967,-4.3869269576646273e-05,0.00026827756454111246,-0.00021934634788323137,0.00040735750321185815,16886.0,16904.0
0.7764860715069094,2952,2957,-4.386926957666848e-05,0.00014118234357242074,-0.00028201673299277363,9.400557766425788e-05,10856.0,10874.0
0.7764860715069094,5856,5861,-4.386926957666848e-05,0.00018082333903111485,-0.00028201673299277363,0.0001253407702189735,19568.0,19586.0
0.7764860715069094,426,431,-4.386926957666848e-05,0.0005384731976232711,-0.0005953686585404849,0.000752044621314174,3278.0,3296.0
0.7764860715069094,5640,5645,-4.3869269576690685e-05,0.0008188024321413156,-0.0009087205840879742,0.0011594021245259212,18920.0,18938.0
0.7764860715069094,5610,5615,-4.3869269576690685e-05,0.00022661216095965083,-0.0003133519255476003,0.00021934634788323137,18830.0,18848.0
0.7764860715069094,630,635,-4.3869269576690685e-05,0.000677376706758429,-0.00109673173941649,0.000501363080876005,3890.0,3908.0
0.7764860715069094,4212,4217,-4.3869269576690685e-05,0.000395494324594296,-0.0005326982734309427,0.0003133519255476003,14636.0,14654.0
0.7764860715069094,4362,4367,-5.013630808756719e-05,0.00026736100031583116,-0.00040735750321174713,0.0003446871181023159,15086.0,15104.0
0.7764860715069094,5172,5177,-5.0136308087611604e-05,0.00015761321517828098,-0.00028201673299288466,0.00015667596277380014,17516.0,17534.0
0.7764860715069094,2754,2759,-5.0136308087611604e-05,0.0001479737906573016,-0.00018801115532851576,0.00015667596277380014,10262.0,10280.0
0.7764860715069094,240,245,-5.0136308087678215e-05,0.0015393522975442162,-0.0020681227086142284,0.002099457901168722,2720.0,2738.0
0.7764860715069094,3720,3725,-5.6403346598532524e-05,0.0001819061231936858,-0.000250681540438058,0.00015667596277380014,13160.0,13178.0
0.7764860715069094,2892,2897,-5.6403346598532524e-05,0.00021641709209197762,-0.0002820167329926626,0.0002193463478833424,10676.0,10694.0
0.7764860715069094,4824,4829,-5.640334659855473e-05,0.0005532236897989218,-0.0006580390436499162,0.0007833798138690007,16472.0,16490.0
0.7764860715069094,5400,5405,-5.640334659855473e-05,8.973033599642889e-05,-0.00018801115532851576,6.267038510943124e-05,18200.0,18218.0
0.7764860715069094,2358,2363,-5.6403346598599134e-05,0.00014596953841828362,-0.00018801115532862678,0.00015667596277380014,9074.0,9092.0
0.7764860715069094,1344,1349,-5.640334659862134e-05,0.00032819781212114997,-0.0005953686585404849,0.00028201673299288466,6032.0,6050.0
0.7764860715069094,4656,4661,-6.267038510947565e-05,6.267038510955614e-05,-0.00015667596277380014,1.1102230246251565e-16,15968.0,15986.0
0.7764860715069094,5310,5315,-6.267038510949785e-05,0.00016581025356847325,-0.000250681540438058,9.40055776643689e-05,17930.0,17948.0
0.7764860715069094,5658,5663,-6.267038510952006e-05,8.290512678421565e-05,-0.00015667596277380014,6.267038510954226e-05,18974.0,18992.0
0.7764860715069094,4548,4553,-6.267038510952006e-05,0.00012534077021907064,-0.0002193463478833424,9.40055776643689e-05,15644.0,15662.0
0.7764860715069094,3126,3131,-6.267038510952006e-05,0.0003687714190436709,-0.0006893742362047428,0.000250681540438058,11378.0,11396.0
0.7764860715069094,564,569,-6.267038510956446e-05,0.00020547859882497587,-0.00028201673299288466,0.00021934634788323137,3692.0,3710.0
0.7764860715069094,270,275,-6.267038510956446e-05,0.0005115416199453246,-0.0006267038510952005,0.0007207094287594584,2810.0,2828.0
0.7764860715069094,4812,4817,-6.893742362041877e-05,0.00013368050015792374,-0.00021934634788323137,6.267038510954226e-05,16436.0,16454.0
0.7764860715069094,5802,5807,-6.893742362041877e-05,0.00031909628347322877,-0.00040735750321185815,0.0004386926957666848,19406.0,19424.0
0.7764860715069094,1452,1457,-6.893742362044098e-05,0.00020234868913562146,-0.0003446871181023159,0.0002193463478833424,6356.0,6374.0
0.7764860715069094,5874,5879,-6.893742362044098e-05,0.0002106694615231157,-0.00028201673299277363,0.00028201673299277363,19622.0,19640.0
0.7764860715069094,3666,3671,-6.893742362046318e-05,0.00018983024135440696,-0.00028201673299277363,0.00015667596277368911,12998.0,13016.0
0.7764860715069094,330,335,-6.893742362046318e-05,0.0005897346508249253,-0.0006267038510952005,0.0009087205840879742,2990.0,3008.0
0.7764860715069094,5700,5705,-6.893742362046318e-05,5.148897541807865e-05,-0.00012534077021908452,-3.133519255471562e-05,19100.0,19118.0
0.7764860715069094,1692,1697,-6.893742362048538e-05,7.145523298332113e-05,-0.00015667596277380014,3.1335192554604596e-05,7076.0,7094.0
0.7764860715069094,1002,1007,-6.893742362048538e-05,0.0003428304928176154,-0.0004700278883214004,0.00037602231065725356,5006.0,5024.0
0.7764860715069094,4062,4067,-6.893742362048538e-05,0.0002708274425636387,-0.00040735750321185815,0.0003133519255476003,14186.0,14204.0
0.7764860715069094,2094,2099,-7.52044621313619e-05,0.0004367860586394544,-0.000752044621314063,0.00040735750321185815,8282.0,8300.0
0.7764860715069094,996,1001,-7.52044621313841e-05,0.0006078542771476314,-0.0008147150064237163,0.0007207094287595694,4988.0,5006.0
0.7764860715069094,1806,1811,-7.52044621314063e-05,0.0004571073237567416,-0.0005953686585403739,0.00040735750321185815,7418.0,7436.0
0.7764860715069094,5250,5255,-7.52044621314063e-05,7.213903069733284e-05,-0.00015667596277380014,0.0,17750.0,17768.0
0.7764860715069094,5652,5657,-7.52044621314063e-05,9.02758141878406e-05,-0.00018801115532851576,3.133519255471562e-05,18956.0,18974.0
0.7764860715069094,4494,4499,-7.520446213142851e-05,7.213903069734006e-05,-0.00012534077021908452,3.133519255471562e-05,15482.0,15500.0
0.7764860715069094,1560,1565,-7.520446213142851e-05,0.0002617942352546225,-0.00028201673299277363,0.00028201673299277363,6680.0,6698.0
0.7764860715069094,5964,5969,-7.520446213145071e-05,0.0003153821361848895,-0.0005326982734309427,0.000250681540437947,19892.0,19910.0
0.7764860715069094,3624,3629,-7.520446213145071e-05,0.00019892294987127715,-0.0003133519255476003,0.00018801115532862678,12872.0,12890.0
0.7764860715069094,1158,1163,-8.147150064232722e-05,0.00036381224638734193,-0.0006893742362046318,0.00028201673299277363,5474.0,5492.0
0.7764860715069094,4230,4235,-8.147150064234943e-05,0.000468772804937466,-0.0008147150064237163,0.0003446871181024269,14690.0,14708.0
0.7764860715069094,5502,5507,-8.147150064234943e-05,6.497803827067076e-05,-0.00015667596277368911,0.0,18506.0,18524.0
0.7764860715069094,3774,3779,-8.147150064237163e-05,9.555949413706546e-05,-0.00015667596277380014,6.267038510954226e-05,13322.0,13340.0
0.7764860715069094,924,929,-8.147150064237163e-05,0.00027100865867122964,-0.00040735750321185815,0.00028201673299277363,4772.0,4790.0
0.7764860715069094,66,71,-8.147150064239384e-05,0.00032231105494625657,-0.0004386926957666848,0.0003133519255476003,2198.0,2216.0
0.7764860715069094,3606,3611,-8.147150064239384e-05,0.00024732976856663987,-0.0003446871181023159,0.00031335192554748925,12818.0,12836.0
0.7764860715069094,3276,3281,-8.773853915324814e-05,0.00015573306978085627,-0.0003446871181023159,6.267038510965328e-05,11828.0,11846.0
0.7764860715069094,4188,4193,-8.773853915329255e-05,0.00037036553923710397,-0.0006267038510950895,0.00037602231065714253,14564.0,14582.0
0.7764860715069094,2496,2501,-8.773853915329255e-05,0.00021527984253831673,-0.00034468711810220487,0.00015667596277380014,9488.0,9506.0
0.7764860715069094,498,503,-8.773853915329255e-05,0.0002491098538445712,-0.00040735750321185815,0.00021934634788345342,3494.0,3512.0
0.7764860715069094,4152,4157,-8.773853915331476e-05,0.00011598254957741673,-0.000250681540438058,3.133519255471562e-05,14456.0,14474.0
0.7764860715069094,120,125,-8.773853915333696e-05,0.0003456827091284992,-0.0005326982734309427,0.00040735750321185815,2360.0,2378.0
0.7764860715069094,2778,2783,-9.400557766425788e-05,0.0007104179518537775,-0.0008460501989784319,0.0007207094287594584,10334.0,10352.0
0.7764860715069094,2694,2699,-9.400557766425788e-05,0.00014013524128098366,-0.0003133519255476003,6.267038510954226e-05,10082.0,10100.0
0.7764860715069094,4326,4331,-9.400557766428008e-05,0.0006144414987976287,-0.0005326982734309427,0.0009400557766428008,14978.0,14996.0
0.7764860715069094,5076,5081,-9.400557766428008e-05,9.658154988511715e-05,-0.000250681540438058,-1.1102230246251565e-16,17228.0,17246.0
0.7764860715069094,1590,1595,-9.400557766430229e-05,0.0003727439367458705,-0.0005640334659856583,0.00040735750321185815,6770.0,6788.0
0.7764860715069094,1122,1127,-9.400557766430229e-05,0.0002722737943311523,-0.0003446871181023159,0.00031335192554748925,5366.0,5384.0
0.7764860715069094,372,377,-9.400557766432449e-05,0.00038696108279470584,-0.0004700278883212894,0.0005326982734308316,3116.0,3134.0
0.7764860715069094,72,77,-0.0001002726161751566,0.00038146655704029194,-0.0005326982734308316,0.00028201673299288466,2216.0,2234.0
0.7764860715069094,2298,2303,-0.0001002726161751788,0.0004660418623777733,-0.0005326982734308316,0.0006580390436499162,8894.0,8912.0
0.7764860715069094,4908,4913,-0.0001002726161751788,0.0002708274425636265,-0.0005326982734308316,0.00018801115532862678,16724.0,16742.0
0.7764860715069094,4146,4151,-0.000100272616175201,0.00013550432933565014,-0.0003133519255476003,3.133519255482664e-05,14438.0,14456.0
0.7764860715069094,198,203,-0.00010027261617522321,0.0005064294513417492,-0.0005640334659856583,0.0006580390436499162,2594.0,2612.0
0.7764860715069094,402,407,-0.00010027261617524541,0.0001961893377933413,-0.0003133519255476003,0.00015667596277380014,3206.0,3224.0
0.7764860715069094,4398,4403,-0.00010027261617524541,0.00014596953841826337,-0.0003133519255477113,9.400557766425788e-05,15194.0,15212.0
0.7764860715069094,5646,5651,-0.00010027261617526762,0.0001442780613946705,-0.0003133519255476003,6.267038510943124e-05,18938.0,18956.0
0.7764860715069094,4980,4985,-0.00010653965468612192,2.8027048256230247e-05,-0.00012534077021908452,-6.267038510943124e-05,16940.0,16958.0
0.7764860715069094,5226,5231,-0.00010653965468614413,0.00019008868972649398,-0.0003446871181023159,0.00012534077021908452,17678.0,17696.0
0.7764860715069094,3060,3065,-0.00010653965468614413,0.0003335395378869783,-0.0004700278883212894,0.00040735750321185815,11180.0,11198.0
0.7764860715069094,5358,5363,-0.00010653965468616633,0.00011210819302475962,-0.0002193463478833424,3.133519255471562e-05,18074.0,18092.0
0.7764860715069094,1920,1925,-0.00010653965468616633,0.0006086614137097062,-0.0007207094287594584,0.0008147150064238273,7760.0,7778.0
0.7764860715069094,1830,1835,-0.00010653965468618854,0.00026459225810903324,-0.00043869269576657377,0.000250681540438058,7490.0,7508.0
0.7764860715069094,5046,5051,-0.00011280669319706505,0.00026273022049008894,-0.00043869269576646275,0.0002193463478833424,17138.0,17156.0
0.7764860715069094,4602,4607,-0.00011280669319708725,0.0002807954979753057,-0.0004700278883212894,0.00031335192554748925,15806.0,15824.0
0.7764860715069094,5130,5135,-0.00011280669319708725,5.692320410049037e-05,-0.00018801115532851576,-6.267038510943124e-05,17390.0,17408.0
0.7764860715069094,4110,4115,-0.00011280669319710946,0.000180823339031137,-0.00031335192554748925,9.400557766425788e-05,14330.0,14348.0
0.7764860715069094,1494,1499,-0.00011280669319713166,2.8027048256180594e-05,-0.00015667596277380014,-9.400557766425788e-05,6482.0,6500.0
0.7764860715069094,4422,4427,-0.00011907373170805258,0.00015414876540909483,-0.000250681540438058,0.00012534077021908452,15266.0,15284.0
0.7764860715069094,2538,2543,-0.00011907373170807478,0.00016039211471272603,-0.0003760223106570315,6.267038510954226e-05,9614.0,9632.0
0.7764860715069094,5052,5057,-0.00011907373170809699,0.00016039211471275425,-0.0003133519255476003,6.267038510954226e-05,17156.0,17174.0
0.7764860715069094,5160,5165,-0.00011907373170809699,0.00010486761213721114,-0.00018801115532851576,6.267038510943124e-05,17480.0,17498.0
0.7764860715069094,3456,3461,-0.00011907373170811919,7.145523298345258e-05,-0.00018801115532862678,1.1102230246251565e-16,12368.0,12386.0
0.7764860715069094,3540,3545,-0.00011907373170811919,0.0005126920148463709,-0.0007833798138690007,0.0004700278883214004,12620.0,12638.0
0.7764860715069094,3420,3425,-0.0001253407702189513,9.658154988515317e-05,-0.00021934634788323137,1.1102230246251565e-16,12260.0,12278.0
0.7764860715069094,3048,3053,-0.0001253407702189735,0.00015190298177594598,-0.000250681540437947,0.00012534077021908452,11144.0,11162.0
0.7764860715069094,4650,4655,-0.0001253407702190179,0.00011298064348271856,-0.000250681540438058,3.133519255482664e-05,15950.0,15968.0
0.7764860715069094,1704,1709,-0.0001253407702190179,0.00013477775933071876,-0.0003133519255476003,0.0,7112.0,7130.0
0.7764860715069094,3534,3539,-0.0001253407702190179,0.0003396653932359295,-0.0004700278883212894,0.00043869269576657377,12602.0,12620.0
0.7764860715069094,1614,1619,-0.00012534077021904012,0.0007237683365682512,-0.0011907373170808588,0.0008147150064237163,6842.0,6860.0
0.7764860715069094,3738,3743,-0.00012534077021904012,0.00019442975661946923,-0.0004073575032119692,3.133519255482664e-05,13214.0,13232.0
0.7764860715069094,2466,2471,-0.00012534077021910672,0.00014359589179824327,-0.0002820167329929957,9.400557766425788e-05,9398.0,9416.0
0.7764860715069094,3468,3473,-0.00013160780872998324,0.0003616466780623144,-0.0004700278883214004,0.0003446871181023159,12404.0,12422.0
0.7764860715069094,1476,1481,-0.00013160780872998324,0.00016039211471275858,-0.0003133519255476003,6.267038510954226e-05,6428.0,6446.0
0.7764860715069094,5820,5825,-0.00013160780872998324,0.000131831441531471,-0.0003446871181024269,0.0,19460.0,19478.0
0.7764860715069094,588,593,-0.00013160780873002764,0.0001693260562918268,-0.00028201673299277363,0.00015667596277368911,3764.0,3782.0
0.7764860715069094,1932,1937,-0.00013787484724090416,4.7522172431651175e-05,-0.00018801115532851576,-6.267038510943124e-05,7796.0,7814.0
0.7764860715069094,3120,3125,-0.00013787484724090416,0.00019518580518783398,-0.00040735750321185815,0.00012534077021908452,11360.0,11378.0
0.7764860715069094,1668,1673,-0.00013787484724090416,0.00014461793951323358,-0.000250681540438058,6.267038510954226e-05,7004.0,7022.0
0.7764860715069094,5766,5771,-0.00013787484724092636,0.00031538213618488174,-0.00043869269576657377,0.0003446871181023159,19298.0,19316.0
0.7764860715069094,1116,1121,-0.00013787484724092636,0.0002877041689878845,-0.0005953686585403739,0.0001253407702189735,5348.0,5366.0
0.7764860715069094,2982,2987,-0.00013787484724092636,0.0001926541052103179,-0.0003446871181024269,6.267038510954226e-05,10946.0,10964.0
0.7764860715069094,5826,5831,-0.00013787484724094856,0.0007966167718586322,-0.0010653965468617743,0.0008460501989785429,19478.0,19496.0
0.7764860715069094,2490,2495,-0.00013787484724097076,0.00043790861525466816,-0.000752044621314174,0.00040735750321185815,9470.0,9488.0
0.7764860715069094,5772,5777,-0.00013787484724099298,0.0006653104140426542,-0.00109673173941649,0.0006267038510950895,19316.0,19334.0
0.7764860715069094,3528,3533,-0.00014414188575182508,0.00016961575035535047,-0.0003760223106570315,9.40055776643689e-05,12584.0,12602.0
0.7764860715069094,3042,3047,-0.00014414188575182508,0.0001710568616420956,-0.0003446871181023159,6.267038510965328e-05,11126.0,11144.0
0.7764860715069094,906,911,-0.00014414188575186948,0.00041841576493090643,-0.0006580390436499162,0.0002193463478833424,4718.0,4736.0
0.7764860715069094,5748,5753,-0.00014414188575186948,7.546513695857282e-05,-0.0002193463478833424,-6.267038510943124e-05,19244.0,19262.0
0.7764860715069094,2946,2951,-0.00014414188575186948,0.0011992826020466299,-0.0013160780872998323,0.0016294300128475436,10838.0,10856.0
0.7764860715069094,1050,1055,-0.00014414188575186948,0.00012455492692223325,-0.00031335192554748925,3.133519255471562e-05,5150.0,5168.0
0.7764860715069094,3960,3965,-0.0001441418857519139,0.00023511837160162055,-0.0004386926957666848,0.00015667596277380014,13880.0,13898.0
0.7764860715069094,18,23,-0.0001441418857519361,0.00023719726591384804,-0.0005326982734308316,6.267038510943124e-05,2054.0,2072.0
0.7764860715069094,5604,5609,-0.0001504089242628126,9.759290259389961e-05,-0.000250681540438058,-3.133519255471562e-05,18812.0,18830.0
0.7764860715069094,5334,5339,-0.0001504089242628126,0.0003749763494914828,-0.0008147150064237163,6.267038510954226e-05,18002.0,18020.0
0.7764860715069094,3990,3995,-0.00015040892426285702,0.00022530853272648526,-0.0004073575032119692,0.00012534077021908452,13970.0,13988.0
0.7764860715069094,2340,2345,-0.00015040892426285702,0.0007053551148047789,-0.0011907373170808588,0.000752044621314174,9020.0,9038.0
0.7764860715069094,5118,5123,-0.00015040892426285702,3.432598361197136e-05,-0.00018801115532851576,-0.00012534077021908452,17354.0,17372.0
0.7764860715069094,2880,2885,-0.00015040892426287922,0.00029760185681278835,-0.0004700278883214004,0.00028201673299277363,10640.0,10658.0
0.7764860715069094,2064,2069,-0.00015040892426287922,0.00018722613663762913,-0.0004073575032119692,6.267038510954226e-05,8192.0,8210.0
0.7764860715069094,4158,4163,-0.00015667596277375574,0.00023132928681466412,-0.0004700278883212894,9.400557766425788e-05,14474.0,14492.0
0.7764860715069094,4056,4061,-0.00015667596277377794,0.0003172446453062551,-0.0006580390436499162,0.00015667596277380014,14168.0,14186.0
0.7764860715069094,5202,5207,-0.00015667596277380014,0.00011932085836281002,-0.0003133519255476003,0.0,17606.0,17624.0
0.7764860715069094,312,317,-0.00015667596277380014,0.00024473567749528496,-0.0005640334659856583,6.267038510954226e-05,2936.0,2954.0
0.7764860715069094,342,347,-0.00015667596277380014,0.00026680955043282834,-0.000501363080876116,0.0002193463478833424,3026.0,3044.0
0.7764860715069094,5838,5843,-0.00016294300128472106,0.00034780652211977334,-0.0005326982734308316,0.000250681540438058,19514.0,19532.0
0.7764860715069094,3066,3071,-0.00016294300128476545,0.00022311889347814047,-0.0004386926957666848,0.00015667596277380014,11198.0,11216.0
0.7764860715069094,5982,5987,-0.00016921003979566417,0.00016221826974010815,-0.00043869269576646275,0.0,19946.0,19964.0
0.7764860715069094,486,491,-0.0001692100397957086,0.0005923097421874392,-0.0007207094287594584,0.0005640334659856583,3458.0,3476.0
0.7764860715069094,1944,1949,-0.0001692100397957086,0.00011640507392600145,-0.00031335192554748925,0.0,7832.0,7850.0
0.7764860715069094,1098,1103,-0.0001692100397957086,0.00021436569895006726,-0.00043869269576657377,0.0001253407702189735,5294.0,5312.0
0.7764860715069094,5562,5567,-0.0001692100397957086,0.00031770856655620005,-0.0005326982734308316,0.00028201673299277363,18686.0,18704.0
0.7764860715069094,3552,3557,-0.0001692100397957086,0.00010297795083609649,-0.00028201673299288466,-3.133519255471562e-05,12656.0,12674.0
0.7764860715069094,3876,3881,-0.0001692100397957308,0.00011849509855661205,-0.00028201673299288466,-3.133519255482664e-05,13628.0,13646.0
0.7764860715069094,5712,5717,-0.00017547707830662952,0.00015761321517824677,-0.00043869269576657377,-3.133519255482664e-05,19136.0,19154.0
0.7764860715069094,2532,2537,-0.00017547707830665172,0.0002977667788852141,-0.0006267038510952005,9.400557766425788e-05,9596.0,9614.0
0.7764860715069094,1014,1019,-0.00017547707830667392,0.00040771890281265943,-0.0006893742362047428,0.00028201673299288466,5042.0,5060.0
0.7764860715069094,3348,3353,-0.00018174411681761704,0.00023069172211079503,-0.0005640334659856583,6.267038510943124e-05,12044.0,12062.0
0.7764860715069094,2544,2549,-0.00018174411681761704,0.000423547030717353,-0.0005953686585404849,0.0003133519255476003,9632.0,9650.0
0.7764860715069094,1854,1859,-0.00018174411681761704,0.0003413954488757346,-0.0006267038510952005,0.00021934634788323137,7562.0,7580.0
0.7764860715069094,348,353,-0.00018174411681761704,0.0026850987358245926,-0.003979569454454324,0.001848776360730664,3044.0,3062.0
0.7764860715069094,3192,3197,-0.00018801115532851576,0.0003837761637550277,-0.000501363080876005,0.0003446871181023159,11576.0,11594.0
0.7764860715069094,3516,3521,-0.00018801115532853795,0.00033309766592720896,-0.0006580390436499162,9.40055776643689e-05,12548.0,12566.0
0.7764860715069094,4224,4229,-0.00018801115532853795,0.00037208479575838774,-0.0004700278883214004,0.0003446871181023159,14672.0,14690.0
0.7764860715069094,5784,5789,-0.00018801115532853795,0.0002226783819062883,-0.0005326982734308316,6.267038510954226e-05,19352.0,19370.0
0.7764860715069094,5592,5597,-0.00018801115532856015,0.0007553016509381427,-0.0014100836649642012,0.0005640334659856583,18776.0,18794.0
0.7764860715069094,1566,1571,-0.00018801115532858238,0.00035243386329093297,-0.0006580390436500272,0.000250681540438058,6698.0,6716.0
0.7764860715069094,1236,1241,-0.00019427819383948107,0.00035271235710225736,-0.0006893742362046318,0.00028201673299288466,5708.0,5726.0
0.7764860715069094,3696,3701,-0.0001942781938395033,0.00043385381853969235,-0.0008147150064237163,0.000250681540438058,13088.0,13106.0
0.7764860715069094,4608,4613,-0.0001942781938395033,0.0001923991029738452,-0.0004386926957666848,0.0,15824.0,15842.0
0.7764860715069094,3480,3485,-0.0001942781938395255,0.0003872147446265075,-0.0007520446213142851,0.0002193463478833424,12440.0,12458.0
0.7764860715069094,1248,1253,-0.0001942781938395477,0.0003953701700394707,-0.0008147150064237163,0.000250681540438058,5744.0,5762.0
0.7764860715069094,4464,4469,-0.00020054523235044642,6.497803827070556e-05,-0.00028201673299277363,-0.00012534077021908452,15392.0,15410.0
0.7764860715069094,1362,1367,-0.00020054523235044642,4.7522172431596274e-05,-0.000250681540438058,-0.00012534077021908452,6086.0,6104.0
0.7764860715069094,3702,3707,-0.00020054523235044642,0.00023511837160155842,-0.0005640334659855473,6.267038510954226e-05,13106.0,13124.0
0.7764860715069094,5262,5267,-0.00020054523235044642,0.00020856154284828283,-0.0004700278883214004,0.0,17786.0,17804.0
0.7764860715069094,2592,2597,-0.00020054523235051301,0.0006697233106203861,-0.0009400557766428008,0.0005326982734308316,9776.0,9794.0
0.7764860715069094,5664,5669,-0.0002068122708613229,7.546513695854285e-05,-0.00031335192554748925,-0.0001253407702189735,18992.0,19010.0
0.7764860715069094,2058,2063,-0.00020681227086141173,0.0004053034852130512,-0.0007833798138690007,0.000250681540438058,8174.0,8192.0
0.7764860715069094,4392,4397,-0.00020681227086141173,0.00017105686164209458,-0.000501363080876227,-6.267038510943124e-05,15176.0,15194.0
0.7764860715069094,3522,3527,-0.00020681227086143393,0.0005232132727037255,-0.0008460501989785429,0.00043869269576657377,12566.0,12584.0
0.7764860715069094,3936,3941,-0.00021307930937228826,5.14889754180246e-05,-0.000250681540438058,-0.0001253407702189735,13808.0,13826.0
0.7764860715069094,792,797,-0.00021307930937231045,0.00041000036934904174,-0.0006267038510950895,0.00040735750321185815,4376.0,4394.0
0.7764860715069094,4272,4277,-0.00021307930937233265,0.0001390802558278275,-0.00043869269576657377,-9.400557766425788e-05,14816.0,14834.0
0.7764860715069094,378,383,-0.00021307930937235485,0.0012612950220377826,-0.0015667596277378903,0.0017861059756211217,3134.0,3152.0
0.7764860715069094,5526,5531,-0.00021307930937235485,0.00020714434720690904,-0.00043869269576657377,0.0001253407702189735,18578.0,18596.0
0.7764860715069094,2256,2261,-0.00021307930937235485,0.00023595212730881678,-0.00043869269576657377,0.00015667596277380014,8768.0,8786.0
0.7764860715069094,3546,3551,-0.00021307930937237708,0.0002762122128416429,-0.0006267038510952005,6.267038510943124e-05,12638.0,12656.0
0.7764860715069094,414,419,-0.00021307930937239928,0.00019990772296848657,-0.0004700278883214004,3.1335192554604596e-05,3242.0,3260.0
0.7764860715069094,2130,2135,-0.00021934634788327577,0.0007500836150525577,-0.001253407702190401,0.0008147150064237163,8390.0,8408.0
0.7764860715069094,732,737,-0.000219346347883298,0.00023449110937699,-0.000501363080876116,6.267038510954226e-05,4196.0,4214.0
0.7764860715069094,2478,2483,-0.000219346347883298,0.0004904733444834069,-0.0006267038510952005,0.0006267038510952005,9434.0,9452.0
0.7764860715069094,4818,4823,-0.0002193463478833202,0.0003403873183718551,-0.0007520446213142851,0.0001253407702189735,16454.0,16472.0
0.7764860715069094,5970,5975,-0.0002193463478833202,0.00024772644848251554,-0.0004700278883214004,6.267038510954226e-05,19910.0,19928.0
0.7764860715069094,744,749,-0.0002193463478833202,0.0004700278883213486,-0.000752044621314174,0.0003760223106570315,4232.0,4250.0
0.7764860715069094,3972,3977,-0.00022561338639421892,0.00023175335552408702,-0.0005953686585403739,0.0,13916.0,13934.0
0.7764860715069094,840,845,-0.00022561338639424112,0.00038974228284987606,-0.000752044621314174,0.000250681540438058,4520.0,4538.0
0.7764860715069094,540,545,-0.00022561338639424112,0.0003236790401056882,-0.0005640334659855473,0.00018801115532851576,3620.0,3638.0
0.7764860715069094,2604,2609,-0.00022561338639426332,0.0004009190637435471,-0.0008773853915331475,6.267038510954226e-05,9812.0,9830.0
0.7764860715069094,5412,5417,-0.00023188042490518423,0.0004629768072382281,-0.0009713909691975164,9.40055776643689e-05,18236.0,18254.0
0.7764860715069094,1818,1823,-0.00023188042490520643,0.0005673314278823963,-0.001002726161752343,0.0003760223106570315,7454.0,7472.0
0.7764860715069094,2370,2375,-0.00023188042490520643,0.00046981894059450777,-0.0008773853915332586,0.000250681540438058,9110.0,9128.0
0.7764860715069094,4926,4931,-0.00023188042490522863,0.00017946067199292367,-0.00043869269576657377,0.0,16778.0,16796.0
0.7764860715069094,972,977,-0.00023814746341612735,0.0017505129842016137,-0.00250681540438058,0.0020367875160592908,4916.0,4934.0
0.7764860715069094,1380,1385,-0.00023814746341614955,0.0003364705216192834,-0.000752044621314174,6.267038510943124e-05,6140.0,6158.0
0.7764860715069094,4626,4631,-0.00023814746341614955,0.0002493068565275706,-0.00043869269576657377,0.00015667596277368911,15878.0,15896.0
0.7764860715069094,3324,3329,-0.00023814746341614955,0.00013404725119048027,-0.00040735750321174713,-6.267038510943124e-05,11972.0,11990.0
0.7764860715069094,4998,5003,-0.0002444145019270927,0.00010250009233724538,-0.0003760223106570315,-9.400557766425788e-05,16994.0,17012.0
0.7764860715069094,2028,2033,-0.0002444145019270927,6.027444634377935e-05,-0.0003133519255476003,-0.00015667596277368911,8084.0,8102.0
0.7764860715069094,4542,4547,-0.0002444145019270927,0.00030006617039759223,-0.0005953686585403739,0.00018801115532851576,15626.0,15644.0
0.7764860715069094,2772,2777,-0.0002444145019270927,0.000111669411720613,-0.0003446871181023159,-6.267038510954226e-05,10316.0,10334.0
0.7764860715069094,1548,1553,-0.00024441450192711487,0.000203558195956633,-0.0004700278883212894,0.0,6644.0,6662.0
0.7764860715069094,384,389,-0.0002444145019271371,0.00044392137197195064,-0.0008147150064237163,0.00028201673299277363,3152.0,3170.0
0.7764860715069094,5244,5249,-0.0002506815404380358,0.0004437001303076309,-0.0006580390436499162,0.0004386926957666848,17732.0,17750.0
0.7764860715069094,660,665,-0.0002506815404380358,0.0002828858158942312,-0.0005326982734308316,0.0001253407702189735,3980.0,3998.0
0.7764860715069094,1836,1841,-0.00025068154043808024,0.00021822436432151094,-0.0005326982734309427,0.0,7508.0,7526.0
0.7764860715069094,5016,5021,-0.00025068154043808024,0.00018931228611526786,-0.0005640334659856583,-9.40055776643689e-05,17048.0,17066.0
0.7764860715069094,2856,2861,-0.0002506815404381024,0.0004998920857814297,-0.0009400557766426898,0.000250681540438058,10568.0,10586.0
0.7764860715069094,1446,1451,-0.00025068154043812464,0.0004037257144964496,-0.0007520446213142851,0.000250681540438058,6338.0,6356.0
0.7764860715069094,570,575,-0.0002569485789489567,0.00032443653948036326,-0.0006267038510950895,6.267038510965328e-05,3710.0,3728.0
0.7764860715069094,246,251,-0.00025694857894897893,0.0006997647344941899,-0.00109673173941649,0.00040735750321185815,2738.0,2756.0
0.7764860715069094,300,305,-0.00025694857894897893,0.0005681097199716607,-0.0010653965468617743,0.0003446871181024269,2900.0,2918.0
0.7764860715069094,3108,3113,-0.00025694857894900116,0.0003922535348801172,-0.000752044621314174,0.00015667596277380014,11324.0,11342.0
0.7764860715069094,3282,3287,-0.0002569485789491122,0.00043498394240924743,-0.0008460501989785429,0.00021934634788312035,11846.0,11864.0
0.7764860715069094,4170,4175,-0.0002632156174599665,0.00019392408669528774,-0.00040735750321185815,6.267038510954226e-05,14510.0,14528.0
0.7764860715069094,366,371,-0.00026321561745998865,0.00036717037782551214,-0.0008773853915332586,3.133519255471562e-05,3098.0,3116.0
0.7764860715069094,882,887,-0.00026321561745998865,0.0012076454747013575,-0.002005452323504464,0.0009087205840878632,4646.0,4664.0
0.7764860715069094,4092,4097,-0.00026321561745998865,0.00027904160512511863,-0.0006893742362047428,3.133519255471562e-05,14276.0,14294.0
0.7764860715069094,3168,3173,-0.00026948265597090957,0.00013220332221814622,-0.000501363080876227,-0.00018801115532851576,11504.0,11522.0
0.7764860715069094,708,713,-0.0002757496944818083,0.0004177111630867536,-0.0007833798138688897,0.00037602231065725356,4124.0,4142.0
0.7764860715069094,5346,5351,-0.0002757496944818527,9.759290259389604e-05,-0.00043869269576657377,-0.00018801115532851576,18038.0,18056.0
0.7764860715069094,2052,2057,-0.0002757496944818971,0.0010219789424799547,-0.001598094820292717,0.0006893742362046318,8156.0,8174.0
0.7764860715069094,4776,4781,-0.00028201673299279586,0.00023238800761742892,-0.000501363080876116,9.400557766425788e-05,16328.0,16346.0
0.7764860715069094,3408,3413,-0.00028201673299281803,0.00019941594430731853,-0.00040735750321185815,6.267038510954226e-05,12224.0,12242.0
0.7764860715069094,612,617,-0.0002882837715037612,0.00035131768039791246,-0.0006267038510952005,0.00018801115532851576,3836.0,3854.0
0.7764860715069094,1302,1307,-0.00028828377150378335,0.00031130847509214547,-0.0006580390436499162,0.00018801115532851576,5906.0,5924.0
0.7764860715069094,1872,1877,-0.0002882837715038056,0.0005532236897988866,-0.0009713909691975164,0.00043869269576646275,7616.0,7634.0
0.7764860715069094,5154,5159,-0.0002945508100146821,0.00029611342474670295,-0.000752044621314174,-3.133519255482664e-05,17462.0,17480.0
0.7764860715069094,504,509,-0.0002945508100147487,0.0005616784099128464,-0.0011594021245261432,0.00015667596277380014,3512.0,3530.0
0.7764860715069094,594,599,-0.0002945508100147487,0.00013404725119046598,-0.00040735750321185815,-6.267038510954226e-05,3782.0,3800.0
0.7764860715069094,516,521,-0.00030081784852571404,0.0006649413507125443,-0.0009400557766428008,0.0006267038510950895,3548.0,3566.0
0.7764860715069094,4356,4361,-0.00030708488703661273,6.0274446343718746e-05,-0.00040735750321185815,-0.000250681540438058,15068.0,15086.0
0.7764860715069094,3186,3191,-0.00030708488703663496,0.00038403192930410243,-0.0008773853915331475,0.0,11558.0,11576.0
0.7764860715069094,2940,2945,-0.00030708488703663496,0.0003941264734379032,-0.0008773853915332586,0.00018801115532851576,10820.0,10838.0
0.7764860715069094,2682,2687,-0.00030708488703665713,0.0003033207793771978,-0.0006580390436500272,0.0,10046.0,10064.0
0.7764860715069094,3492,3497,-0.00030708488703665713,0.00012612171715286648,-0.000501363080876116,-0.00015667596277380014,12476.0,12494.0
0.7764860715069094,2748,2753,-0.0003133519255475559,0.0003411077156186217,-0.0008147150064236053,6.267038510943124e-05,10244.0,10262.0
0.7764860715069094,5556,5561,-0.0003133519255476003,0.00024970039561480345,-0.0005640334659856583,0.0,18668.0,18686.0
0.7764860715069094,5538,5543,-0.0003196189640585212,0.00015573306978078257,-0.0005640334659855473,-0.00015667596277380014,18614.0,18632.0
0.7764860715069094,5142,5147,-0.0003196189640585212,0.00020234868913564637,-0.000501363080876116,-3.133519255471562e-05,17426.0,17444.0
0.7764860715069094,2442,2447,-0.0003196189640585434,0.0005655112474999256,-0.0009400557766428008,0.0004700278883212894,9326.0,9344.0
0.7764860715069094,4788,4793,-0.0003196189640585434,0.00019867599391030857,-0.0006267038510952005,-9.400557766425788e-05,16364.0,16382.0
0.7764860715069094,2388,2393,-0.0003258860025694199,0.000188792909866129,-0.0006580390436499162,-0.00018801115532851576,9164.0,9182.0
0.7764860715069094,5082,5087,-0.0003258860025694199,6.497803827070556e-05,-0.0003760223106570315,-0.00021934634788323137,17246.0,17264.0
0.7764860715069094,1638,1643,-0.0003258860025694865,0.0002132175080525226,-0.0006267038510950895,-3.133519255482664e-05,6914.0,6932.0
0.7764860715069094,5586,5591,-0.00032588600256950874,0.0015488906755249314,-0.0015040892426284591,0.0021307930937236597,18758.0,18776.0
0.7764860715069094,2118,2123,-0.00032588600256950874,0.00027191292764596977,-0.0006893742362046318,-6.267038510954226e-05,8354.0,8372.0
0.7764860715069094,1968,1973,-0.00032588600256950874,0.0002617942352546345,-0.0006267038510950895,3.133519255471562e-05,7904.0,7922.0
0.7764860715069094,2988,2993,-0.00033215304108038526,0.0004897721670777198,-0.0008773853915331475,0.00028201673299288466,10964.0,10982.0
0.7764860715069094,2562,2567,-0.00033215304108045183,0.0007126948277356819,-0.0009713909691975164,0.0006893742362047428,9686.0,9704.0
0.7764860715069094,3504,3509,-0.0003384200795913506,0.0003554852956698777,-0.0006580390436499162,0.000250681540438058,12512.0,12530.0
0.7764860715069094,3474,3479,-0.00033842007959137275,0.00015093027391711796,-0.000501363080876116,-9.400557766425788e-05,12422.0,12440.0
0.7764860715069094,4992,4997,-0.0003446871181023159,0.00020547859882502663,-0.0005640334659856583,-0.0001253407702189735,16976.0,16994.0
0.7764860715069094,24,29,-0.0003446871181023381,0.001226083260521646,-0.002005452323504575,0.0008147150064236053,2072.0,2090.0
0.7764860715069094,4944,4949,-0.0003446871181023381,0.00035103808013050143,-0.0007833798138690007,-3.133519255471562e-05,16832.0,16850.0
0.7764860715069094,2742,2747,-0.0003446871181023603,0.00042215378013058305,-0.0008460501989785429,3.133519255471562e-05,10226.0,10244.0
0.7764860715069094,3336,3341,-0.0003446871181023825,0.0002386417167255982,-0.0006267038510953116,-3.133519255482664e-05,12008.0,12026.0
0.7764860715069094,990,995,-0.0003509541566132812,0.000614601280752944,-0.0010340613543070587,0.00037602231065714253,4970.0,4988.0
0.7764860715069094,3948,3953,-0.00035095415661330344,0.00021066946152316197,-0.0005640334659856583,0.0,13844.0,13862.0
0.7764860715069094,1260,1265,-0.00035095415661330344,0.0002616066363518659,-0.0006580390436499162,6.267038510954226e-05,5780.0,5798.0
0.7764860715069094,1092,1097,-0.0003509541566133256,0.00028838593337747145,-0.0008147150064238273,-9.40055776643689e-05,5276.0,5294.0
0.7764860715069094,672,677,-0.0003509541566133256,0.00021413655329511908,-0.0005953686585403739,-0.00012534077021908452,4016.0,4034.0
0.7764860715069094,1824,1829,-0.00035722119512420213,0.0008939046790294499,-0.0014414188575188058,0.0005640334659856583,7472.0,7490.0
0.7764860715069094,4590,4595,-0.00035722119512422436,0.00040651298800690024,-0.0007833798138690007,0.000250681540438058,15770.0,15788.0
0.7764860715069094,5514,5519,-0.00035722119512422436,0.0004362236970587597,-0.001002726161752232,9.40055776643689e-05,18542.0,18560.0
0.7764860715069094,2886,2891,-0.00035722119512422436,0.00040409036221292455,-0.0008460501989784319,0.0001253407702189735,10658.0,10676.0
0.7764860715069094,1974,1979,-0.00035722119512422436,0.0006033957272289061,-0.0011280669319712056,0.00043869269576657377,7922.0,7940.0
0.7764860715069094,5862,5867,-0.00035722119512424653,0.00030589953590994456,-0.0006893742362047428,3.133519255482664e-05,19586.0,19604.0
0.7764860715069094,3084,3089,-0.00035722119512424653,0.0007175006463608923,-0.001253407702190401,0.0006580390436499162,11252.0,11270.0
0.7764860715069094,1866,1871,-0.00035722119512424653,0.00030186054783424513,-0.0007833798138690007,-3.133519255471562e-05,7598.0,7616.0
0.7764860715069094,1470,1475,-0.00036348823363512305,0.0004046973782712944,-0.0008773853915331475,6.267038510965328e-05,6410.0,6428.0
0.7764860715069094,1950,1955,-0.0003634882336351453,0.0011964135988547099,-0.0020367875160591797,0.0011907373170808588,7850.0,7868.0
0.7764860715069094,264,269,-0.00036348823363516745,0.00014797379065727338,-0.0005953686585402629,-0.00018801115532851576,2792.0,2810.0
0.7764860715069094,3684,3689,-0.00036348823363516745,0.0002120631005005531,-0.0007207094287593474,-0.00015667596277380014,13052.0,13070.0
0.7764860715069094,5364,5369,-0.00036348823363516745,0.0002859926477386598,-0.0006267038510952005,6.267038510954226e-05,18092.0,18110.0
0.7764860715069094,4692,4697,-0.00036348823363518967,0.00022001679167170317,-0.0006580390436500272,-9.400557766414686e-05,16076.0,16094.0
0.7764860715069094,3138,3143,-0.00036348823363518967,0.00038543560609620334,-0.0009087205840879742,6.267038510954226e-05,11414.0,11432.0
0.7764860715069094,4830,4835,-0.00036348823363518967,0.0002132175080525585,-0.0005326982734308316,0.0,16490.0,16508.0
0.7764860715069094,5088,5093,-0.0003634882336352119,0.00019392408669527696,-0.0006580390436499162,-0.00015667596277380014,17264.0,17282.0
0.7764860715069094,4338,4343,-0.00036348823363523407,0.0003465337962824186,-0.0009713909691976275,-0.00012534077021908452,15014.0,15032.0
0.7764860715069094,1734,1739,-0.0003697552721461106,0.00027974448181824465,-0.0007833798138688897,0.0,7202.0,7220.0
0.7764860715069094,696,701,-0.0003697552721461328,0.000379531148526054,-0.0006893742362047428,0.00015667596277380014,4088.0,4106.0
0.7764860715069094,4662,4667,-0.000369755272146155,0.000862543509270533,-0.001096731739416601,0.001096731739416601,15986.0,16004.0
0.7764860715069094,2172,2177,-0.000369755272146155,0.00021754839667487423,-0.0006893742362047428,-0.0001253407702189735,8516.0,8534.0
0.7764860715069094,3000,3005,-0.00037602231065705374,6.64719814357554e-05,-0.0004700278883212894,-0.00028201673299277363,11000.0,11018.0
0.7764860715069094,234,239,-0.0003760223106570759,0.00030461288652311127,-0.000752044621314174,-6.267038510943124e-05,2702.0,2720.0
0.7764860715069094,2244,2249,-0.0003760223106570759,0.00042562835544159434,-0.0008460501989785429,0.00018801115532862678,8732.0,8750.0
0.7764860715069094,276,281,-0.00037602231065714253,0.0011657365486001266,-0.0021307930937235486,0.000752044621314174,2828.0,2846.0
0.7764860715069094,3354,3359,-0.0003822893491680412,0.0001845852972145919,-0.0005640334659856583,-9.400557766425788e-05,12062.0,12080.0
0.7764860715069094,90,95,-0.0003822893491680857,0.000536555129082355,-0.0010653965468618853,0.00028201673299288466,2270.0,2288.0
0.7764860715069094,810,815,-0.00038855638767898437,0.0002910970240965494,-0.0007207094287593474,0.0,4430.0,4448.0
0.7764860715069094,4644,4649,-0.00038855638767902877,0.0002842708220485352,-0.0008147150064238273,-0.00012534077021908452,15932.0,15950.0
0.7764860715069094,2226,2231,-0.000388556387679051,0.0003122532677806344,-0.0007520446213142851,9.400557766425788e-05,8678.0,8696.0
0.7764860715069094,5040,5045,-0.000388556387679051,0.00042133892304634297,-0.0009087205840880852,-3.133519255482664e-05,17120.0,17138.0
0.7764860715069094,5508,5513,-0.0003948234261899275,0.0001710568616420641,-0.0005640334659856583,-0.0001253407702189735,18524.0,18542.0
0.7764860715069094,126,131,-0.0003948234261899497,0.000223338823441321,-0.0007207094287594584,-0.00015667596277380014,2378.0,2396.0
0.7764860715069094,2304,2309,-0.0003948234261899719,0.0005430127586170086,-0.0009713909691975164,0.0003760223106570315,8912.0,8930.0
0.7764860715069094,336,341,-0.0003948234261899941,0.0019408351486156262,-0.002005452323504575,0.0027888321373733538,3008.0,3026.0
0.7764860715069094,3858,3863,-0.00040109046470089283,0.00047594433841233733,-0.0009087205840879742,0.0003446871181023159,13574.0,13592.0
0.7764860715069094,2286,2291,-0.00040109046470089283,0.0003251922743488719,-0.0009087205840879742,0.0,8858.0,8876.0
0.7764860715069094,4116,4121,-0.00040109046470089283,0.0002274770960157887,-0.0006580390436499162,-6.267038510954226e-05,14348.0,14366.0
0.7764860715069094,5904,5909,-0.00040109046470095946,0.0008716028992974469,-0.0011280669319713166,0.0008773853915331475,19712.0,19730.0
0.7764860715069094,4746,4751,-0.00040735750321181375,0.0005548187638149107,-0.0009713909691974054,0.0004700278883214004,16238.0,16256.0
0.7764860715069094,1128,1133,-0.0004073575032118804,0.0002248723105694516,-0.0006580390436499162,-0.00015667596277391116,5384.0,5402.0
0.7764860715069094,2334,2339,-0.0004073575032118804,0.0012101633514448001,-0.002099457901168944,0.001096731739416601,9002.0,9020.0
0.7764860715069094,846,851,-0.00040735750321190255,0.0008257878578074838,-0.0013160780872999434,0.0004700278883214004,4538.0,4556.0
0.7764860715069094,690,695,-0.00041362454172282347,0.00043101554511450744,-0.0006580390436499162,0.0003446871181023159,4070.0,4088.0
0.7764860715069094,3030,3035,-0.0004136245417228457,0.0003730072670060459,-0.0008147150064238273,0.0,11090.0,11108.0
0.7764860715069094,3762,3767,-0.0004198915802337444,0.0004500719859435358,-0.0011594021245260322,-6.267038510954226e-05,13286.0,13304.0
0.7764860715069094,2412,2417,-0.0004198915802337666,0.0006416449772434124,-0.0010340613543070587,0.0006267038510952005,9236.0,9254.0
0.7764860715069094,3564,3569,-0.0004198915802337666,0.0003604228279261495,-0.0008460501989784319,0.0,12692.0,12710.0
0.7764860715069094,2718,2723,-0.0004198915802337888,0.00024332740461023304,-0.0006267038510952005,-3.133519255482664e-05,10154.0,10172.0
0.7764860715069094,3780,3785,-0.000419891580233811,0.00022661216095969458,-0.0007520446213142851,-0.00015667596277380014,13340.0,13358.0
0.7764860715069094,5634,5639,-0.00042615861874464314,0.0003138216014428133,-0.0006580390436499162,6.267038510965328e-05,18902.0,18920.0
0.7764860715069094,354,359,-0.00042615861874473193,0.00040530348521305895,-0.0010653965468617743,0.0,3062.0,3080.0
0.7764860715069094,2874,2879,-0.0004324256572556306,0.00042815845711518857,-0.0010340613543069477,3.133519255482664e-05,10622.0,10640.0
0.7764860715069094,5418,5423,-0.0004324256572557195,0.00041594443658809387,-0.001002726161752343,-3.133519255482664e-05,18254.0,18272.0
0.7764860715069094,1434,1439,-0.00043869269576657377,0.00035451723432410563,-0.001002726161752232,-6.267038510943124e-05,6302.0,6320.0
0.7764860715069094,4566,4571,-0.000438692695766596,0.00010626280799555667,-0.0005640334659855473,-0.00028201673299277363,15698.0,15716.0
0.7764860715069094,5292,5297,-0.000438692695766596,0.0005731000268910392,-0.0009400557766426898,0.00047002788832151143,17876.0,17894.0
0.7764860715069094,2208,2213,-0.0004449597342775613,0.0004153538577916224,-0.0008773853915332586,0.0002193463478833424,8624.0,8642.0
0.7764860715069094,3756,3761,-0.0004449597342775613,0.00022421638604953163,-0.0006893742362046318,-0.00012534077021908452,13268.0,13286.0
0.7764860715069094,5298,5303,-0.0004449597342775613,0.000490673496846135,-0.0009400557766428008,0.00018801115532862678,17894.0,17912.0
0.7764860715069094,1404,1409,-0.0004449597342775835,0.0001241601401069391,-0.0005953686585404849,-0.0003446871181023159,6212.0,6230.0
0.7764860715069094,1140,1145,-0.0004449597342776501,0.0006969527290082429,-0.0013787484724095966,0.000501363080876116,5420.0,5438.0
0.7764860715069094,5304,5309,-0.00045122677278848223,0.0005288132888723729,-0.0008147150064237163,0.0004386926957666848,17912.0,17930.0
0.7764860715069094,2724,2729,-0.00045749381129944755,0.00026919100798940103,-0.000752044621314174,-0.000250681540438058,10172.0,10190.0
0.7764860715069094,4404,4409,-0.00045749381129944755,0.0001951858051878099,-0.0007833798138688897,-0.00028201673299277363,15212.0,15230.0
0.7764860715069094,3618,3623,-0.0004574938112994698,0.00035354652229665747,-0.0009713909691974054,-0.0001253407702189735,12854.0,12872.0
0.7764860715069094,636,641,-0.00046376084981036847,0.0003846705991770827,-0.001096731739416379,-9.400557766414686e-05,3908.0,3926.0
0.7764860715069094,1524,1529,-0.00046376084981041287,0.000580505056969148,-0.001347413279854659,0.0002193463478833424,6572.0,6590.0
0.7764860715069094,2802,2807,-0.00046376084981041287,0.0006525699614852587,-0.0011594021245260322,0.0003133519255476003,10406.0,10424.0
0.7764860715069094,3498,3503,-0.0004637608498104351,0.0005758347875547753,-0.0010653965468617743,0.0003446871181023159,12494.0,12512.0
0.7764860715069094,1794,1799,-0.0004637608498104351,0.0003710277345437096,-0.0008460501989785429,3.133519255482664e-05,7382.0,7400.0
0.7764860715069094,1686,1691,-0.0004700278883213338,0.0002980963493002222,-0.0007833798138688897,-0.00015667596277380014,7058.0,7076.0
0.7764860715069094,4878,4883,-0.0004700278883213338,0.00010153762884104186,-0.0005640334659856583,-0.0003446871181023159,16634.0,16652.0
0.7764860715069094,3006,3011,-0.0004700278883213782,0.0006939878604439734,-0.0016294300128473216,9.40055776643689e-05,11018.0,11036.0
0.7764860715069094,216,221,-0.00047629492683232133,0.00028496080078681724,-0.0008460501989784319,-0.00018801115532862678,2648.0,2666.0
0.7764860715069094,2964,2969,-0.00047629492683234356,0.0003025104098303736,-0.0007207094287593474,3.133519255471562e-05,10892.0,10910.0
0.7764860715069094,2628,2633,-0.00048256196534324225,0.00074370764076593,-0.0012220725096355745,0.0007520446213142851,9884.0,9902.0
0.7764860715069094,4500,4505,-0.00048256196534324225,0.00040530348521304393,-0.0009087205840879742,0.00015667596277380014,15500.0,15518.0
0.7764860715069094,606,611,-0.0004825619653432645,0.00036178240585023054,-0.0008147150064237163,9.40055776643689e-05,3818.0,3836.0
0.7764860715069094,4278,4283,-0.0004825619653432645,0.000531591175025756,-0.001002726161752232,0.0003760223106570315,14834.0,14852.0
0.7764860715069094,5274,5279,-0.0004825619653433089,0.0003549324410651819,-0.0010340613543069477,-0.00015667596277391116,17822.0,17840.0
0.7764860715069094,2136,2141,-0.0004888290038541632,0.00020619413876935295,-0.0007207094287594584,-0.000250681540437947,8408.0,8426.0
0.7764860715069094,600,605,-0.0004888290038541854,0.0004276995518845942,-0.001002726161752232,0.00012534077021908452,3800.0,3818.0
0.7764860715069094,4302,4307,-0.0004888290038542076,0.0005943783024482987,-0.0011594021245261432,0.00018801115532862678,14906.0,14924.0
0.7764860715069094,2514,2519,-0.0004888290038542297,0.0011088851258932492,-0.0017234355905116905,0.0009087205840879742,9542.0,9560.0
0.7764860715069094,1224,1229,-0.000488829003854252,0.0004328341841840292,-0.0011594021245260322,-9.40055776643689e-05,5672.0,5690.0
0.7764860715069094,1596,1601,-0.0004888290038542964,0.00019518580518781167,-0.0007833798138690007,-0.00028201673299288466,6788.0,6806.0
0.7764860715069094,3078,3083,-0.0004950960423651507,0.0005834575830257776,-0.00109673173941649,0.00012534077021908452,11234.0,11252.0
0.7764860715069094,1356,1361,-0.0004950960423651729,0.0004738768032747431,-0.0011594021245260322,-9.400557766414686e-05,6068.0,6086.0
0.7764860715069094,2850,2855,-0.0004950960423651729,0.00038210951478128026,-0.0009400557766426898,9.400557766425788e-05,10550.0,10568.0
0.7764860715069094,5268,5273,-0.0004950960423651951,0.00012995607654141378,-0.0006580390436499162,-0.0003446871181023159,17804.0,17822.0
0.7764860715069094,1044,1049,-0.0005013630808761383,0.00031955751659775106,-0.0009713909691975164,-0.0002193463478833424,5132.0,5150.0
0.7764860715069094,480,485,-0.0005013630808761605,0.0002593448650589037,-0.0008460501989785429,-0.0001253407702189735,3440.0,3458.0
0.7764860715069094,5034,5039,-0.0005076301193870814,0.00018591040609395362,-0.0007207094287594584,-0.0003133519255476003,17102.0,17120.0
0.7764860715069094,3978,3983,-0.0005076301193871257,0.00021066946152316525,-0.0007833798138690007,-0.00028201673299277363,13934.0,13952.0
0.7764860715069094,204,209,-0.0005138971578980023,0.0003153821361849264,-0.0008460501989784319,-0.00015667596277368911,2612.0,2630.0
0.7764860715069094,4206,4211,-0.0005138971578980467,0.000242316484557113,-0.0006893742362047428,-9.40055776643689e-05,14618.0,14636.0
0.7764860715069094,4164,4169,-0.0005138971578980689,0.00024130132934134413,-0.0007833798138690007,-0.00018801115532862678,14492.0,14510.0
0.7764860715069094,1812,1817,-0.0005138971578980911,0.00017248593293671714,-0.0007833798138690007,-0.0003133519255476003,7436.0,7454.0
0.7764860715069094,4530,4535,-0.0005201641964089232,0.0004125073100934643,-0.0008460501989784319,9.40055776643689e-05,15590.0,15608.0
0.7764860715069094,804,809,-0.0005201641964089898,0.00031538213618489556,-0.0008147150064237163,-9.400557766425788e-05,4412.0,4430.0
0.7764860715069094,5472,5477,-0.000520164196409012,0.00040409036221293875,-0.0009087205840879742,6.267038510954226e-05,18416.0,18434.0
0.7764860715069094,5844,5849,-0.0005264312349199107,0.00012805324940745765,-0.0006580390436498051,-0.00037602231065714253,19532.0,19550.0
0.7764860715069094,4920,4925,-0.000526431234919933,0.000211831464057335,-0.0008147150064237163,-0.0002193463478833424,16760.0,16778.0
0.7764860715069094,2382,2387,-0.0005264312349199552,0.000323679040105729,-0.0009713909691975164,-9.400557766425788e-05,9146.0,9164.0
0.7764860715069094,1278,1283,-0.0005264312349199773,0.0002338621647234237,-0.0008773853915332586,-0.000250681540438058,5834.0,5852.0
0.7764860715069094,3132,3137,-0.0005264312349199995,0.0002197935376398848,-0.0007520446213142851,-0.00018801115532851576,11396.0,11414.0
0.7764860715069094,3924,3929,-0.0005326982734308539,0.0003766745614693737,-0.0009400557766426898,-3.133519255471562e-05,13772.0,13790.0
0.7764860715069094,1980,1985,-0.0005326982734308539,0.0017883035845429516,-0.002444145019271038,0.0014727540500736325,7940.0,7958.0
0.7764860715069094,5004,5009,-0.0005326982734308539,0.00016581025356845225,-0.0007207094287594584,-0.00028201673299277363,17012.0,17030.0
0.7764860715069094,4284,4289,-0.0005326982734308982,0.0005081714266983914,-0.0009400557766428008,0.00031335192554748925,14852.0,14870.0
0.7764860715069094,3816,3821,-0.0005452323504527623,0.0004350967933496461,-0.0011907373170807478,-3.133519255471562e-05,13448.0,13466.0
0.7764860715069094,4794,4799,-0.0005452323504527623,0.0002701013623226154,-0.000752044621314063,-0.0002193463478833424,16382.0,16400.0
0.7764860715069094,5946,5951,-0.0005452323504527845,0.0001900886897265068,-0.0007520446213142851,-0.0003133519255476003,19838.0,19856.0
0.7764860715069094,5370,5375,-0.0005452323504528067,0.0002994110033050145,-0.0008773853915331475,-0.00015667596277380014,18110.0,18128.0
0.7764860715069094,210,215,-0.0005452323504528067,0.0006454593312392939,-0.0011280669319713166,0.000250681540438058,2630.0,2648.0
0.7764860715069094,1992,1997,-0.0005514993889637054,0.0007367436222071409,-0.0016607652054021482,0.00040735750321185815,7976.0,7994.0
0.7764860715069094,1554,1559,-0.0005514993889637499,0.0009962423153040145,-0.00109673173941649,0.0012220725096356855,6662.0,6680.0
0.7764860715069094,5184,5189,-0.0005577664274746486,0.00031909628347322547,-0.0009400557766426898,-0.00021934634788323137,17552.0,17570.0
0.7764860715069094,1134,1139,-0.0005577664274747818,0.0007330024262069237,-0.0013160780872998323,0.0005326982734308316,5402.0,5420.0
0.7764860715069094,162,167,-0.0005640334659856583,0.0003837761637550843,-0.0010340613543070587,-0.00015667596277380014,2486.0,2504.0
0.7764860715069094,1722,1727,-0.0005703005044965792,0.00043611113772331104,-0.0009400557766426898,3.133519255471562e-05,7166.0,7184.0
0.7764860715069094,648,653,-0.0005703005044966014,0.0007218665396040492,-0.0015040892426284591,0.00028201673299277363,3944.0,3962.0
0.7764860715069094,228,233,-0.000570300504496668,0.00037168875009459647,-0.0011594021245262542,-0.0003133519255476003,2684.0,2702.0
0.7764860715069094,360,365,-0.0005765675430075001,0.00032983918445627183,-0.001002726161752232,-0.0001253407702189735,3080.0,3098.0
0.7764860715069094,1608,1613,-0.0005765675430075001,0.0007005360571471572,-0.001754770783066295,3.133519255471562e-05,6824.0,6842.0
0.7764860715069094,456,461,-0.0005765675430075889,0.00044568735158332826,-0.0010340613543070587,0.0001253407702189735,3368.0,3386.0
0.7764860715069094,2394,2399,-0.0005828345815184655,0.0002927787077817053,-0.0009400557766426898,-0.0002193463478833424,9182.0,9200.0
0.7764860715069094,2016,2021,-0.0005828345815185986,0.00047861878194141146,-0.0013787484724093746,-0.00028201673299288466,8048.0,8066.0
0.7764860715069094,4332,4337,-0.000589101620029453,0.0001492950114319543,-0.000752044621314174,-0.00037602231065714253,14996.0,15014.0
0.7764860715069094,4200,4205,-0.000589101620029453,0.00019239910297380721,-0.0008147150064237163,-0.00037602231065714253,14600.0,14618.0
0.7764860715069094,3714,3719,-0.0005891016200294752,0.0007439716477464644,-0.0016921003979569749,0.00037602231065714253,13142.0,13160.0
0.7764860715069094,3222,3227,-0.0006079027355622823,0.00017390326105992318,-0.0007833798138690007,-0.00040735750321174713,11666.0,11684.0
0.7764860715069094,396,401,-0.0006079027355622823,0.0002319650991548357,-0.001002726161752232,-0.0004386926957666848,3188.0,3206.0
0.7764860715069094,2832,2837,-0.0006141697740732477,0.0006454593312393551,-0.0012847428947451167,0.00021934634788345342,10496.0,10514.0
0.7764860715069094,3396,3401,-0.0006141697740732699,0.0014581137511965434,-0.0017234355905116905,0.0014727540500736325,12188.0,12206.0
0.7764860715069094,108,113,-0.0006141697740732699,0.0005161278151194259,-0.0010653965468617743,0.00021934634788323137,2324.0,2342.0
0.7764860715069094,5064,5069,-0.0006141697740732921,0.00029694125254241667,-0.001096731739416601,-0.0003133519255476003,17192.0,17210.0
0.7764860715069094,522,527,-0.0006204368125841908,0.00048412618975464264,-0.001096731739416601,-9.400557766414686e-05,3566.0,3584.0
0.7764860715069094,1914,1919,-0.0006204368125842131,0.0004247045814704647,-0.0012847428947452277,-0.00015667596277368911,7742.0,7760.0
0.7764860715069094,942,947,-0.0006204368125842352,0.0006400361699213129,-0.0014100836649640902,0.000250681540438058,4826.0,4844.0
0.7764860715069094,2640,2645,-0.0006204368125842574,0.0009702278382760748,-0.0018801115532856016,0.00040735750321185815,9920.0,9938.0
0.7764860715069094,3954,3959,-0.0006204368125842796,0.0011740038408384202,-0.0019741171309498595,0.0007833798138688897,13862.0,13880.0
0.7764860715069094,2328,2333,-0.0006329708896060992,0.00030493505783106106,-0.001002726161752232,-0.00028201673299277363,8984.0,9002.0
0.7764860715069094,78,83,-0.0006329708896061215,0.00061539956824453,-0.0012220725096355745,0.0003446871181023159,2234.0,2252.0
0.7764860715069094,5724,5729,-0.0006329708896061437,0.0006311533208693899,-0.0011280669319713166,0.0003446871181023159,19172.0,19190.0
0.7764860715069094,1716,1721,-0.0006392379281170868,0.00045764402386377256,-0.0011594021245260322,-0.00018801115532862678,7148.0,7166.0
0.7764860715069094,2316,2321,-0.0006392379281171312,0.00021206310050058918,-0.0009400557766428008,-0.0004700278883214004,8948.0,8966.0
0.7764860715069094,1500,1505,-0.0006455049666280078,0.0002473297685666371,-0.0008773853915331475,-0.00028201673299288466,6500.0,6518.0
0.7764860715069094,2184,2189,-0.0006455049666280078,0.0008447726154108918,-0.0018801115532854906,0.0004700278883214004,8552.0,8570.0
0.7764860715069094,2784,2789,-0.0006455049666280966,0.0006522689605645012,-0.001598094820292717,6.267038510943124e-05,10352.0,10370.0
0.7764860715069094,1650,1655,-0.000651772005138973,0.0005775374370057304,-0.0014100836649640902,0.00012534077021908452,6950.0,6968.0
0.7764860715069094,948,953,-0.0006580390436499162,0.0004994007912296033,-0.0013787484724093746,-6.267038510943124e-05,4844.0,4862.0
0.7764860715069094,2448,2453,-0.0006580390436499162,0.0006348760564458239,-0.0016921003979569749,-0.0001253407702189735,9344.0,9362.0
0.7764860715069094,5454,5459,-0.0006580390436499384,0.00022267838190631565,-0.0009400557766428008,-0.0003446871181023159,18362.0,18380.0
0.7764860715069094,2574,2579,-0.0006580390436499606,0.0004250512319822921,-0.001096731739416601,3.133519255471562e-05,9722.0,9740.0
0.7764860715069094,4734,4739,-0.0006580390436499606,0.0004079596580168687,-0.001096731739416601,-9.400557766425788e-05,16202.0,16220.0
0.7764860715069094,2436,2441,-0.0006705731206718913,0.0009482714764348987,-0.0016294300128474326,0.0009087205840879742,9308.0,9326.0
0.7764860715069094,5568,5573,-0.0006768401591827677,0.00048473426140701665,-0.001347413279854659,0.0,18704.0,18722.0
0.7764860715069094,180,185,-0.0006831071976937109,0.0009142146475134543,-0.0016607652054022592,0.00028201673299288466,2540.0,2558.0
0.7764860715069094,0,5,-0.0006831071976937331,0.0003972284138826988,-0.0010340613543070587,-0.000250681540437947,2000.0,2018.0
0.7764860715069094,3102,3107,-0.0006893742362046096,0.0003844152585587807,-0.0011594021245260322,-0.00021934634788323137,11306.0,11324.0
0.7764860715069094,3264,3269,-0.0006956412747156637,0.0012775385289297842,-0.0026321561745997757,0.0006893742362046318,11792.0,11810.0
0.7764860715069094,900,905,-0.0007019083132265624,0.0003058995359098792,-0.0011594021245260322,-0.0004700278883214004,4700.0,4718.0
0.7764860715069094,2160,2165,-0.0007019083132265846,0.00031693498720872443,-0.0010653965468617743,-0.0002193463478833424,8480.0,8498.0
0.7764860715069094,5886,5891,-0.00070817535173755,0.0003904973541735011,-0.0012847428947451167,-0.00018801115532862678,19658.0,19676.0
0.7764860715069094,3156,3161,-0.0007081753517375721,0.00042539760001360173,-0.0012847428947450057,-0.00015667596277391116,11468.0,11486.0
0.7764860715069094,4506,4511,-0.0007144423902484931,0.00024109778537485406,-0.0009713909691975164,-0.0003446871181024269,15518.0,15536.0
0.7764860715069094,852,857,-0.0007269764672704238,0.0002231188934781249,-0.0009713909691976275,-0.0004700278883214004,4556.0,4574.0
0.7764860715069094,936,941,-0.0007457775828032754,0.0003000661703976519,-0.0010653965468618853,-0.000250681540438058,4808.0,4826.0
0.7764860715069094,5214,5219,-0.0007583116598251172,0.0003160041922847083,-0.0011907373170807478,-0.0003446871181023159,17642.0,17660.0
0.7764860715069094,4440,4445,-0.0007583116598251838,0.0005122129976298666,-0.0013160780872998323,-6.267038510954226e-05,15320.0,15338.0
0.7764860715069094,5190,5195,-0.0007645786983360825,0.0003130384167892398,-0.0009713909691975164,-0.00021934634788323137,17570.0,17588.0
0.7764860715069094,3366,3371,-0.0007645786983361047,0.0004125073100933728,-0.001347413279854548,-0.0003133519255476003,12098.0,12116.0
0.7764860715069094,132,137,-0.0007771127753579687,0.0001898302413543978,-0.0009400557766426898,-0.0004700278883214004,2396.0,2414.0
0.7764860715069094,2046,2051,-0.000777112775357991,0.0007266116989472549,-0.0016921003979569749,0.0003446871181023159,8138.0,8156.0
0.7764860715069094,408,413,-0.0007771127753580575,0.0006574419119083621,-0.0014100836649643123,0.000250681540437947,3224.0,3242.0
0.7764860715069094,864,869,-0.000795913890890887,0.0004184157649309393,-0.0011280669319714276,-0.00015667596277380014,4592.0,4610.0
0.7764860715069094,510,515,-0.0008021809294018079,0.00011849509855662965,-0.001002726161752232,-0.0006893742362046318,3530.0,3548.0
0.7764860715069094,2112,2117,-0.0008084479679127954,0.0009495132117679133,-0.0020367875160592908,0.0001253407702189735,8336.0,8354.0
0.7764860715069094,462,467,-0.0008147150064237608,0.0005592256540461237,-0.0014727540500737435,-6.267038510965328e-05,3386.0,3404.0
0.7764860715069094,1488,1493,-0.0008209820449346594,0.00026440664443618184,-0.0010340613543070587,-0.00040735750321185815,6464.0,6482.0
0.7764860715069094,912,917,-0.0008209820449346817,0.0003081382450772983,-0.0012847428947451167,-0.0005640334659856583,4736.0,4754.0
0.7764860715069094,1170,1175,-0.0008272490834456469,0.0008654414863386971,-0.002256133863942633,0.0,5510.0,5528.0
0.7764860715069094,534,539,-0.000839783160467511,0.00029177086070211484,-0.00125340770219029,-0.000501363080876227,3602.0,3620.0
0.7764860715069094,2232,2237,-0.0008460501989784985,0.0008053205449751993,-0.0019114467458403173,0.0003133519255476003,8696.0,8714.0
0.7764860715069094,714,719,-0.0008523172374894639,0.0006369605338149192,-0.0015040892426284591,6.267038510954226e-05,4142.0,4160.0
0.7764860715069094,288,293,-0.000858584276000407,0.00042712522699557006,-0.0013787484724093746,-0.0004073575032119692,2864.0,2882.0
0.7764860715069094,1578,1583,-0.0008585842760004514,0.0002790416051250638,-0.0012847428947451167,-0.0005953686585404849,6734.0,6752.0
0.7764860715069094,4296,4301,-0.0008648513145113279,0.00035493244106525194,-0.00125340770219029,-0.00040735750321185815,14888.0,14906.0
0.7764860715069094,3312,3317,-0.0008711183530222711,0.0003266984995200363,-0.0011594021245260322,-0.0003760223106570315,11936.0,11954.0
0.7764860715069094,3012,3017,-0.0008836524300441573,0.0005160326851186335,-0.0014727540500736325,-0.0003760223106570315,11036.0,11054.0
0.7764860715069094,4482,4487,-0.0008899194685551226,0.0002772766183766174,-0.0012847428947451167,-0.0005326982734308316,15446.0,15464.0
0.7764860715069094,1698,1703,-0.0008899194685551449,0.0003268487402727407,-0.0014727540500736325,-0.0007207094287594584,7094.0,7112.0
0.7764860715069094,1986,1991,-0.0009275216996208257,0.00045170525120901745,-0.0012847428947451167,-0.00015667596277380014,7958.0,7976.0
0.7764860715069094,954,959,-0.000927521699620848,0.00020137585326429633,-0.0011907373170807478,-0.0006580390436499162,4862.0,4880.0
0.7764860715069094,3864,3869,-0.000940055776642712,0.00017446696840879656,-0.00109673173941649,-0.0007207094287593474,13592.0,13610.0
0.7764860715069094,1182,1187,-0.0009463228151536995,0.0008365381415241243,-0.0019741171309497485,0.00018801115532851576,5546.0,5564.0
0.7764860715069094,84,89,-0.0009463228151537217,0.0014869200981544267,-0.0024754802118258645,0.0008147150064237163,2252.0,2270.0
0.7764860715069094,3342,3347,-0.0009525898536645982,0.0005185003927396342,-0.001598094820292606,-0.00040735750321174713,12026.0,12044.0
0.7764860715069094,1338,1343,-0.0009588568921755636,0.0004942623796730066,-0.001504089242628348,-0.000250681540438058,6014.0,6032.0
0.7764860715069094,1956,1961,-0.0009588568921756301,0.0010516213869922759,-0.00244414501927126,6.267038510954226e-05,7868.0,7886.0
0.7764860715069094,2904,2909,-0.0009651239306865511,0.0006008681480422019,-0.0017861059756213438,-0.00031335192554748925,10712.0,10730.0
0.7764860715069094,5112,5117,-0.0009651239306865511,0.0010504068813650238,-0.00219346347883298,0.0005640334659856583,17336.0,17354.0
0.7764860715069094,4140,4145,-0.0009776580077084374,0.0005758347875548198,-0.0014100836649640902,-6.267038510943124e-05,14420.0,14438.0
0.7764860715069094,5388,5393,-0.0009839250462193804,0.0002645922581090207,-0.0014100836649640902,-0.0006893742362047428,18164.0,18182.0
0.7764860715069094,5574,5579,-0.0009839250462194027,0.0002710086586712521,-0.0012220725096355745,-0.0006893742362046318,18722.0,18740.0
0.7764860715069094,4098,4103,-0.000990192084730368,0.0002790416051251286,-0.001347413279854659,-0.0006580390436499162,14294.0,14312.0
0.7764860715069094,558,563,-0.0009964591232413333,0.0005451783215817913,-0.0015354244351831747,-9.400557766425788e-05,3674.0,3692.0
0.7764860715069094,2376,2381,-0.001002726161752232,0.0003957425168525614,-0.0014727540500736325,-0.0003760223106570315,9128.0,9146.0
0.7764860715069094,3174,3179,-0.0010215272772851058,0.0011683867659231981,-0.0029141729075924383,-6.267038510954226e-05,11522.0,11540.0
0.7764860715069094,2586,2591,-0.0010215272772851724,0.0005421078875357082,-0.0019114467458403173,-0.0004386926957666848,9758.0,9776.0
0.7764860715069094,3600,3605,-0.0010277943157960712,0.0003723485921727905,-0.0014414188575188058,-0.0005953686585403739,12800.0,12818.0
0.7764860715069094,2424,2429,-0.001040328392818024,0.00046234012097710685,-0.001692100397957197,-0.0004700278883212894,9272.0,9290.0
0.7764860715069094,420,425,-0.0010779306238836827,0.000977587701863899,-0.001848776360730886,0.0005640334659856583,3260.0,3278.0
0.7764860715069094,4254,4259,-0.0010904647009055911,0.0003266984995199878,-0.0013787484724093746,-0.0006893742362047428,14762.0,14780.0
0.7764860715069094,2916,2921,-0.001102998777927544,0.0005930552550592249,-0.0017234355905116905,-0.0003446871181023159,10748.0,10766.0
0.7764860715069094,738,743,-0.0011155328549494082,0.0005329746887085489,-0.0015040892426284591,-0.0002193463478833424,4214.0,4232.0
0.7764860715069094,762,767,-0.0011155328549494082,0.00023407200071423758,-0.0012847428947451167,-0.0007207094287594584,4286.0,4304.0
0.7764860715069094,4932,4937,-0.0011155328549494303,0.00028427082204848315,-0.0015040892426284591,-0.0007207094287594584,16796.0,16814.0
0.7764860715069094,2526,2531,-0.0011280669319713387,0.00018931228611524033,-0.0014414188575188058,-0.0009400557766428008,9578.0,9596.0
0.7764860715069094,822,827,-0.0011531350860150668,0.0002984255557499014,-0.0014100836649640902,-0.0007833798138690007,4466.0,4484.0
0.7764860715069094,1104,1109,-0.0011970043555917576,0.0010348681581575994,-0.0024128098267164333,0.0002193463478833424,5312.0,5330.0
0.7764860715069094,2142,2147,-0.0011970043555917798,0.0002253085327264436,-0.0014100836649642012,-0.0009087205840879742,8426.0,8444.0
0.7764860715069094,2910,2915,-0.0012032713941027228,0.0010040961405568757,-0.0019741171309497485,0.0005326982734308316,10730.0,10748.0
0.7764860715069094,2406,2411,-0.0012032713941027672,0.00026644128310695223,-0.0014727540500737435,-0.0008460501989785429,9218.0,9236.0
0.7764860715069094,2154,2159,-0.0012220725096355966,0.0008826851766367411,-0.0021621282862783753,-6.267038510943124e-05,8462.0,8480.0
0.7764860715069094,96,101,-0.0012596747407012776,0.00042585898583256124,-0.001848776360730664,-0.0007833798138690007,2288.0,2306.0
0.7764860715069094,5256,5261,-0.0012784758562341513,0.0009757780974087967,-0.002444145019271149,0.000250681540438058,17768.0,17786.0
0.7764860715069094,2214,2219,-0.001297276971767003,0.0008991070964957394,-0.0019741171309497485,0.00015667596277380014,8642.0,8660.0
0.7764860715069094,1422,1427,-0.001359947356876523,0.00021777395235669008,-0.0015354244351832858,-0.001002726161752232,6266.0,6284.0
0.7764860715069094,3612,3617,-0.0013787484724093746,0.0004279290660153895,-0.0017547707830665171,-0.0008460501989784319,12836.0,12854.0
0.7764860715069094,1230,1235,-0.0013975495879422705,0.0006086614137096442,-0.0021621282862782643,-0.000752044621314174,5690.0,5708.0
0.7764860715069094,4314,4319,-0.0014163507034751,0.0013030316997271222,-0.002851502522483007,0.00015667596277380014,14942.0,14960.0
0.7764860715069094,2814,2819,-0.001422617741986021,0.0007188678363323632,-0.0022247986713878065,-0.0005640334659856583,10442.0,10460.0
0.7764860715069094,2838,2843,-0.0014351518190079294,0.0013403626326052233,-0.003102184062921065,0.00040735750321185815,10514.0,10532.0
0.7764860715069094,4038,4043,-0.0015103562811393356,0.0009544125602171197,-0.0026321561745997757,-0.00031335192554748925,14114.0,14132.0
0.7764860715069094,2310,2315,-0.0015416914736940512,0.0006472822371931051,-0.0026321561745995536,-0.00109673173941649,8930.0,8948.0
0.7764860715069094,4134,4139,-0.0015855607432707862,0.0002825385035277502,-0.0018174411681760594,-0.00109673173941649,14402.0,14420.0
0.7764860715069094,3792,3797,-0.0016294300128474326,0.0002386417167255836,-0.0019741171309497485,-0.0014414188575189169,13376.0,13394.0
0.7764860715069094,4044,4049,-0.0016795663209350441,0.00034081973944606044,-0.00219346347883298,-0.0013160780872998323,14132.0,14150.0
0.7764860715069094,42,47,-0.0017735718985993243,0.0002977667788851709,-0.002256133863942522,-0.0015040892426284591,2126.0,2144.0
0.7764860715069094,3306,3311,-0.001804907091154062,0.0008645901484735002,-0.0024754802118258645,-0.0003133519255476003,11918.0,11936.0
0.7764860715069094,978,983,-0.0020493215930812215,0.00045764402386381094,-0.002757496944818749,-0.0015354244351831747,4934.0,4952.0
0.7764860715069094,174,179,-0.0020681227086140953,0.0006610166110903969,-0.002788832137373465,-0.0012847428947452277,2522.0,2540.0
0.7764860715069094,4008,4013,-0.0022686679409645418,0.0009206896016935806,-0.003102184062921065,-0.0006893742362047428,14024.0,14042.0
0.7764860715069094,2070,2075,-0.0024942813273587383,0.000747329561533592,-0.003446871181023381,-0.0013787484724093746,8210.0,8228.0
0.7764860715069094,2556,2561,-0.003296462256760546,0.0008971392040905223,-0.004449597342775724,-0.0020367875160592908,9668.0,9686.0
0.7764860715069094,5232,5237,-0.003528342681665775,0.0005997231689055938,-0.004543602920439982,-0.003039513677811523,17696.0,17714.0
0.7764860715069094,1536,1541,-0.004368125842133308,0.0051983186169652015,-0.010622630276063028,0.0023814746341617177,6608.0,6626.0
0.7764860715069094,4410,4415,-0.0047504151913013715,0.0015329604072205382,-0.0059223513928493565,-0.002694826559709207,15230.0,15248.0
0.7764860715069094,2598,2603,-0.005038698962805133,0.0026122539624234067,-0.007927803716353932,-0.0022247986713878065,9794.0,9812.0
